,p_val,avg_logFC,pct.1,pct.2,p_val_adj,cluster,gene
CXCL14,0,2.4567831,0.998,0.799,0,bulge,CXCL14
KRT15,0,1.775079901,1,0.763,0,bulge,KRT15
SFRP1,0,1.606871734,0.991,0.39,0,bulge,SFRP1
ITM2A,0,1.321252278,0.984,0.586,0,bulge,ITM2A
CAV1,0,1.16889795,0.989,0.685,0,bulge,CAV1
DST,0,1.161547474,0.983,0.639,0,bulge,DST
LGALS1,0,0.843054835,0.999,0.779,0,bulge,LGALS1
FTH1,0,0.610499457,1,0.973,0,bulge,FTH1
S100A6,4.69256238248458e-317,0.782257742,0.998,0.937,9.38512476496915e-314,bulge,S100A6
LMCD1,0.00E+00,1.169570227,0.949,0.452,3.36E-306,bulge,LMCD1
CYP1B1,0.00E+00,1.321457418,0.96,0.53,7.47E-306,bulge,CYP1B1
GSN,6.77E-283,0.626644347,0.993,0.818,1.35E-279,bulge,GSN
DIO2,1.64E-268,1.593757397,0.91,0.297,3.28E-265,bulge,DIO2
FRZB,1.99E-267,1.015464052,0.922,0.428,3.98E-264,bulge,FRZB
NTRK2,2.30E-236,0.988488986,0.916,0.497,4.59E-233,bulge,NTRK2
APP,1.66E-227,0.760400934,0.962,0.719,3.32E-224,bulge,APP
EFEMP1,5.34E-224,1.00191278,0.894,0.422,1.07E-220,bulge,EFEMP1
EMP3,7.52E-223,0.606521277,0.928,0.529,1.50E-219,bulge,EMP3
IGFBP7,2.83E-221,1.097418325,0.933,0.489,5.65E-218,bulge,IGFBP7
GLUL,8.86E-214,0.861780122,0.962,0.738,1.77E-210,bulge,GLUL
RCAN1,1.29E-212,1.354379959,0.896,0.484,2.59E-209,bulge,RCAN1
FOSB,2.94E-205,0.855913323,0.994,0.887,5.88E-202,bulge,FOSB
RARRES2,6.75E-197,0.834915478,0.886,0.469,1.35E-193,bulge,RARRES2
FGL2,1.88E-194,0.988775983,0.823,0.334,3.76E-191,bulge,FGL2
SOSTDC1,3.45E-185,0.926347889,0.932,0.632,6.91E-182,bulge,SOSTDC1
DCN,1.94E-183,0.915130588,0.81,0.248,3.88E-180,bulge,DCN
FTL,9.91E-179,0.31365282,0.998,0.915,1.98E-175,bulge,FTL
DUSP1,6.80E-171,0.610138373,0.996,0.929,1.36E-167,bulge,DUSP1
COL17A1,1.45E-165,0.739683692,0.885,0.52,2.90E-162,bulge,COL17A1
ATF3,1.86E-165,0.795444174,0.98,0.853,3.73E-162,bulge,ATF3
MAP1B,8.39E-158,0.845493796,0.79,0.374,1.68E-154,bulge,MAP1B
GPNMB,4.77E-157,0.492741708,0.967,0.763,9.54E-154,bulge,GPNMB
SOCS3,5.72E-157,0.874389273,0.933,0.691,1.14E-153,bulge,SOCS3
MALAT1,1.96E-155,0.379660777,1,0.986,3.91E-152,bulge,MALAT1
LHX2,1.13E-153,0.798998502,0.784,0.404,2.27E-150,bulge,LHX2
NR3C1,9.83E-136,0.674156055,0.786,0.486,1.97E-132,bulge,NR3C1
MITF,3.96E-135,0.264647861,0.805,0.395,7.91E-132,bulge,MITF
ARL4D,1.45E-134,0.730410528,0.842,0.564,2.89E-131,bulge,ARL4D
PPP1R1C,1.57E-132,0.866464988,0.712,0.312,3.13E-129,bulge,PPP1R1C
CHST2,2.25E-131,0.713741257,0.767,0.371,4.50E-128,bulge,CHST2
TUBA1A,2.42E-131,0.598884346,0.96,0.83,4.84E-128,bulge,TUBA1A
KRT8,6.34E-130,0.664177839,0.762,0.399,1.27E-126,bulge,KRT8
BCAM,2.11E-128,0.622889216,0.799,0.474,4.22E-125,bulge,BCAM
GADD45B,5.85E-127,0.612942481,0.978,0.886,1.17E-123,bulge,GADD45B
NPPC,6.19E-126,1.297364089,0.727,0.369,1.24E-122,bulge,NPPC
CTSF,2.72E-124,0.577131925,0.788,0.499,5.44E-121,bulge,CTSF
NET1,3.40E-121,0.717015165,0.807,0.541,6.81E-118,bulge,NET1
ACAT1,8.80E-115,0.583543819,0.784,0.536,1.76E-111,bulge,ACAT1
TGFB2,3.65E-113,0.669215408,0.653,0.231,7.30E-110,bulge,TGFB2
KLF10,1.11E-112,0.710107169,0.881,0.723,2.22E-109,bulge,KLF10
CCNL1,1.31E-106,0.584252871,0.968,0.872,2.61E-103,bulge,CCNL1
THBS1,5.36E-98,0.624871513,0.643,0.362,1.07E-94,bulge,THBS1
MAFF,7.71E-97,0.700226277,0.781,0.603,1.54E-93,bulge,MAFF
IFITM3,1.63E-96,0.286591097,0.906,0.677,3.25E-93,bulge,IFITM3
GOLIM4,4.92E-94,0.547509009,0.701,0.469,9.85E-91,bulge,GOLIM4
PHLDA1,4.22E-93,0.526947932,0.763,0.501,8.44E-90,bulge,PHLDA1
NPC2,4.74E-91,0.352907085,0.953,0.848,9.48E-88,bulge,NPC2
PNRC1,1.63E-90,0.416000924,0.986,0.893,3.26E-87,bulge,PNRC1
TUBB2A,3.03E-90,0.467179552,0.941,0.804,6.06E-87,bulge,TUBB2A
EFNA5,1.51E-89,0.532761969,0.657,0.346,3.03E-86,bulge,EFNA5
ACP5,3.55E-84,0.505692495,0.722,0.5,7.09E-81,bulge,ACP5
IER3,7.10E-82,0.602560935,0.946,0.825,1.42E-78,bulge,IER3
NFIC,3.14E-79,0.452592992,0.841,0.691,6.29E-76,bulge,NFIC
C2orf40,1.35E-78,0.497468322,0.548,0.308,2.71E-75,bulge,C2orf40
NAP1L1,3.00E-77,0.271996607,0.979,0.89,6.01E-74,bulge,NAP1L1
TENM2,9.97E-77,0.45831653,0.63,0.437,1.99E-73,bulge,TENM2
SLC40A1,2.37E-76,0.519270412,0.656,0.39,4.73E-73,bulge,SLC40A1
PDPN,3.90E-75,0.507144284,0.631,0.379,7.81E-72,bulge,PDPN
BTG2,8.14E-74,0.476086425,0.912,0.777,1.63E-70,bulge,BTG2
ADIRF,9.44E-73,0.292875981,0.743,0.478,1.89E-69,bulge,ADIRF
TCEAL3,9.20E-72,0.419673027,0.625,0.423,1.84E-68,bulge,TCEAL3
MYL9,2.81E-71,0.410885192,0.684,0.442,5.63E-68,bulge,MYL9
PPT1,9.84E-69,0.412794476,0.757,0.602,1.97E-65,bulge,PPT1
STK17A,8.13E-68,0.396740586,0.69,0.51,1.63E-64,bulge,STK17A
PALLD,8.56E-67,0.402940241,0.799,0.629,1.71E-63,bulge,PALLD
ATP1B1,1.54E-66,0.426909257,0.757,0.599,3.07E-63,bulge,ATP1B1
RRBP1,2.78E-66,0.445470869,0.68,0.544,5.56E-63,bulge,RRBP1
ANXA1,4.61E-64,0.361111477,0.93,0.805,9.22E-61,bulge,ANXA1
KRT19,1.71E-63,0.763639338,0.488,0.244,3.43E-60,bulge,KRT19
SGK1,3.10E-63,0.458770777,0.837,0.7,6.20E-60,bulge,SGK1
GCLM,2.84E-62,0.414524413,0.599,0.413,5.67E-59,bulge,GCLM
CYBA,5.88E-61,0.255657414,0.857,0.686,1.18E-57,bulge,CYBA
CREB5,1.33E-60,0.432702459,0.638,0.426,2.66E-57,bulge,CREB5
FAM171B,4.06E-60,0.39578001,0.491,0.27,8.13E-57,bulge,FAM171B
SHISA2,6.48E-60,0.436361649,0.547,0.358,1.30E-56,bulge,SHISA2
CTSK,2.76E-59,0.35594089,0.637,0.436,5.53E-56,bulge,CTSK
LITAF,6.19E-59,0.326080775,0.785,0.653,1.24E-55,bulge,LITAF
SCPEP1,5.27E-58,0.380119695,0.746,0.622,1.05E-54,bulge,SCPEP1
PALMD,4.96E-57,0.379314927,0.83,0.674,9.92E-54,bulge,PALMD
KCTD1,2.46E-56,0.388725758,0.783,0.652,4.92E-53,bulge,KCTD1
SLC25A4,4.39E-56,0.327160014,0.669,0.504,8.77E-53,bulge,SLC25A4
TGDS,4.50E-55,0.380678396,0.516,0.326,8.99E-52,bulge,TGDS
FAM229B,8.74E-55,0.356840225,0.542,0.387,1.75E-51,bulge,FAM229B
IRF1,8.87E-55,0.429306498,0.812,0.716,1.77E-51,bulge,IRF1
UROD,1.02E-53,0.334036277,0.694,0.577,2.04E-50,bulge,UROD
SLC3A2,1.50E-53,0.326849955,0.909,0.84,3.00E-50,bulge,SLC3A2
SDC2,7.84E-52,0.295942568,0.66,0.421,1.57E-48,bulge,SDC2
MYC,4.91E-49,0.587028867,0.809,0.716,9.83E-46,bulge,MYC
CRYAB,5.62E-49,0.261118126,0.836,0.596,1.12E-45,bulge,CRYAB
ABRACL,1.92E-48,0.253373053,0.87,0.739,3.84E-45,bulge,ABRACL
RAB34,2.03E-48,0.332185329,0.712,0.606,4.06E-45,bulge,RAB34
FZD7,2.72E-48,0.391464776,0.536,0.434,5.45E-45,bulge,FZD7
FLRT3,1.19E-47,0.337760095,0.548,0.381,2.39E-44,bulge,FLRT3
DNAJB4,3.04E-47,0.375317879,0.577,0.455,6.08E-44,bulge,DNAJB4
SSFA2,3.38E-47,0.377697987,0.62,0.488,6.76E-44,bulge,SSFA2
CDH13,2.10E-46,0.32035024,0.621,0.477,4.20E-43,bulge,CDH13
SWAP70,4.32E-46,0.331947776,0.58,0.447,8.63E-43,bulge,SWAP70
FCGRT,5.37E-46,0.292290316,0.733,0.617,1.07E-42,bulge,FCGRT
NUDT14,5.40E-45,0.332949719,0.596,0.469,1.08E-41,bulge,NUDT14
SRGAP1,1.51E-44,0.303243668,0.448,0.3,3.03E-41,bulge,SRGAP1
LBH,3.50E-44,0.314217503,0.568,0.453,7.01E-41,bulge,LBH
SYNGR1,5.22E-44,0.294791706,0.709,0.583,1.04E-40,bulge,SYNGR1
SEC62,9.37E-44,0.280358762,0.809,0.703,1.87E-40,bulge,SEC62
UBE2B,2.72E-43,0.286925103,0.72,0.631,5.44E-40,bulge,UBE2B
NDRG2,1.11E-41,0.283949332,0.741,0.612,2.23E-38,bulge,NDRG2
DHRS7,9.68E-41,0.261709579,0.675,0.542,1.94E-37,bulge,DHRS7
FILIP1L,3.70E-40,0.330469523,0.616,0.472,7.39E-37,bulge,FILIP1L
DSG2,2.18E-39,0.301798598,0.48,0.36,4.36E-36,bulge,DSG2
N4BP2L2,2.34E-39,0.278085526,0.756,0.682,4.68E-36,bulge,N4BP2L2
CCND2,6.42E-39,0.269725399,0.57,0.432,1.28E-35,bulge,CCND2
ITGB1,1.90E-38,0.273277583,0.741,0.613,3.79E-35,bulge,ITGB1
DNAJB9,4.14E-36,0.2978843,0.604,0.501,8.27E-33,bulge,DNAJB9
PIK3C2G,1.28E-34,0.255351841,0.453,0.35,2.55E-31,bulge,PIK3C2G
AKAP9,1.70E-33,0.263799965,0.799,0.738,3.40E-30,bulge,AKAP9
SDC4,3.06E-33,0.259009155,0.762,0.668,6.11E-30,bulge,SDC4
SPATS2,4.53E-33,0.287609644,0.558,0.483,9.07E-30,bulge,SPATS2
SLC12A2,2.07E-32,0.28122945,0.484,0.356,4.14E-29,bulge,SLC12A2
JUND,1.28E-30,0.262501805,0.688,0.63,2.55E-27,bulge,JUND
TCF12,1.45E-30,0.250228552,0.54,0.444,2.89E-27,bulge,TCF12
TNFRSF12A,1.06E-28,0.315736854,0.684,0.594,2.11E-25,bulge,TNFRSF12A
IL20RB,4.00E-28,0.265171001,0.611,0.491,7.99E-25,bulge,IL20RB
TSC22D1,4.16E-28,0.271014264,0.79,0.721,8.33E-25,bulge,TSC22D1
CCL2,5.06E-17,0.50938464,0.47,0.444,1.01E-13,bulge,CCL2
HSPA6,9.65E-10,0.280598254,0.377,0.374,1.93E-06,bulge,HSPA6
KRT10,1.59E-297,1.968405326,1,0.887,3.19E-294,IFE spinous 1,KRT10
LY6D,9.79E-288,1.748105064,0.996,0.517,1.96E-284,IFE spinous 1,LY6D
LGALS7B,9.52E-267,0.76436307,0.998,0.773,1.90E-263,IFE spinous 1,LGALS7B
DMKN,8.61E-258,1.308158484,0.998,0.75,1.72E-254,IFE spinous 1,DMKN
B2M,3.13E-257,0.382521709,1,0.961,6.25E-254,IFE spinous 1,B2M
AQP3,1.22E-244,1.103235791,0.996,0.638,2.44E-241,IFE spinous 1,AQP3
KRT1,1.24E-197,2.172399855,0.977,0.603,2.49E-194,IFE spinous 1,KRT1
NEAT1,7.64E-171,0.644036319,0.994,0.741,1.53E-167,IFE spinous 1,NEAT1
RHOV,2.04E-162,0.885731041,0.979,0.517,4.07E-159,IFE spinous 1,RHOV
LGALS7,4.98E-160,0.667307777,0.988,0.708,9.95E-157,IFE spinous 1,LGALS7
ALDH2,7.83E-152,0.595370812,0.99,0.648,1.57E-148,IFE spinous 1,ALDH2
S100A7,3.97E-147,1.148517199,0.977,0.62,7.95E-144,IFE spinous 1,S100A7
HLA-B,3.89E-146,0.552659553,0.996,0.878,7.78E-143,IFE spinous 1,HLA-B
DEFB1,2.36E-145,1.014365258,0.981,0.441,4.72E-142,IFE spinous 1,DEFB1
LYPD3,4.56E-144,0.763198598,0.994,0.607,9.12E-141,IFE spinous 1,LYPD3
S100A8,2.53E-142,1.034835798,0.99,0.78,5.07E-139,IFE spinous 1,S100A8
DBI,1.09E-141,0.644241834,0.992,0.779,2.17E-138,IFE spinous 1,DBI
EMP2,2.49E-127,0.564121216,0.998,0.812,4.99E-124,IFE spinous 1,EMP2
CRABP2,3.51E-126,0.801552545,0.967,0.513,7.01E-123,IFE spinous 1,CRABP2
TMEM45A,1.67E-124,0.40071425,0.985,0.603,3.33E-121,IFE spinous 1,TMEM45A
SLC2A1,3.08E-124,0.617675077,0.971,0.592,6.17E-121,IFE spinous 1,SLC2A1
IMPA2,1.20E-122,0.628033044,0.985,0.655,2.41E-119,IFE spinous 1,IMPA2
KRTDAP,2.10E-120,1.114182569,0.959,0.544,4.21E-117,IFE spinous 1,KRTDAP
PMAIP1,2.53E-119,0.742719688,0.985,0.706,5.07E-116,IFE spinous 1,PMAIP1
KLF4,2.65E-118,0.487336264,0.996,0.848,5.30E-115,IFE spinous 1,KLF4
GLTP,1.40E-115,0.643241333,0.967,0.568,2.80E-112,IFE spinous 1,GLTP
S100A9,1.78E-113,0.762808441,0.975,0.737,3.57E-110,IFE spinous 1,S100A9
FGFBP1,6.80E-111,0.705077286,0.94,0.465,1.36E-107,IFE spinous 1,FGFBP1
CA12,6.46E-110,0.612239012,0.929,0.48,1.29E-106,IFE spinous 1,CA12
MAL2,5.43E-109,0.610256051,0.857,0.352,1.09E-105,IFE spinous 1,MAL2
EHF,1.44E-105,0.680372389,0.95,0.458,2.89E-102,IFE spinous 1,EHF
CSTA,7.28E-96,0.55376489,0.971,0.571,1.46E-92,IFE spinous 1,CSTA
DUSP11,5.31E-95,0.53504099,1,0.933,1.06E-91,IFE spinous 1,DUSP1
SFN,6.65E-91,0.539108502,0.998,0.824,1.33E-87,IFE spinous 1,SFN
BBC3,4.74E-89,0.568264959,0.855,0.454,9.47E-86,IFE spinous 1,BBC3
MFSD2A,2.16E-88,0.540426493,0.828,0.317,4.32E-85,IFE spinous 1,MFSD2A
NFKBIZ,5.35E-82,0.456883436,0.973,0.677,1.07E-78,IFE spinous 1,NFKBIZ
ETS2,1.75E-80,0.498017188,0.869,0.451,3.49E-77,IFE spinous 1,ETS2
LAD1,4.08E-79,0.496557579,0.929,0.519,8.15E-76,IFE spinous 1,LAD1
TACSTD2,3.01E-78,0.338596222,0.996,0.769,6.02E-75,IFE spinous 1,TACSTD2
ZC3H12A,7.10E-76,0.415306622,0.923,0.589,1.42E-72,IFE spinous 1,ZC3H12A
CYB5A,4.49E-75,0.53610005,0.973,0.605,8.98E-72,IFE spinous 1,CYB5A
CHP2,4.84E-75,0.538014272,0.749,0.19,9.68E-72,IFE spinous 1,CHP2
KLF6,7.73E-75,0.386737524,0.988,0.81,1.55E-71,IFE spinous 1,KLF6
DSP,3.03E-74,0.421438224,0.998,0.81,6.06E-71,IFE spinous 1,DSP
RORA,1.19E-73,0.412240858,0.801,0.41,2.38E-70,IFE spinous 1,RORA
SLC25A5,6.03E-72,0.452305013,0.994,0.88,1.21E-68,IFE spinous 1,SLC25A5
TPPP3,1.03E-71,1.006640472,0.842,0.442,2.07E-68,IFE spinous 1,TPPP3
TMEM154,4.28E-70,0.523620559,0.886,0.408,8.57E-67,IFE spinous 1,TMEM154
KCNK7,2.13E-69,0.36711759,0.892,0.453,4.25E-66,IFE spinous 1,KCNK7
NFKBIA,1.48E-68,0.466244899,1,0.946,2.97E-65,IFE spinous 1,NFKBIA
S100A16,2.30E-68,0.270210483,0.998,0.844,4.60E-65,IFE spinous 1,S100A16
CHCHD10,3.02E-68,0.332004042,0.963,0.583,6.04E-65,IFE spinous 1,CHCHD10
TNFRSF19,6.48E-68,0.35689413,0.807,0.342,1.30E-64,IFE spinous 1,TNFRSF19
S100A11,3.62E-67,0.395957149,0.994,0.891,7.23E-64,IFE spinous 1,S100A11
CCND1,6.01E-64,0.51802572,0.975,0.671,1.20E-60,IFE spinous 1,CCND1
MT1X,1.13E-62,0.559963896,0.948,0.7,2.26E-59,IFE spinous 1,MT1X
ATF31,1.49E-62,0.424072698,0.994,0.86,2.99E-59,IFE spinous 1,ATF3
PHLDA2,1.79E-61,0.911182337,0.865,0.504,3.57E-58,IFE spinous 1,PHLDA2
LDLR,2.70E-60,0.307500355,0.842,0.481,5.41E-57,IFE spinous 1,LDLR
DSG1,2.90E-59,0.431115094,0.892,0.388,5.79E-56,IFE spinous 1,DSG1
LDHA,5.47E-58,0.391894375,0.998,0.927,1.09E-54,IFE spinous 1,LDHA
NMU,8.27E-58,0.447158288,0.753,0.303,1.65E-54,IFE spinous 1,NMU
KLF3,5.29E-57,0.356035553,0.82,0.412,1.06E-53,IFE spinous 1,KLF3
ATP5B,5.57E-57,0.272343897,0.994,0.874,1.11E-53,IFE spinous 1,ATP5B
PKP1,4.19E-56,0.295679138,0.948,0.593,8.39E-53,IFE spinous 1,PKP1
VDAC1,7.77E-56,0.256043528,0.969,0.755,1.55E-52,IFE spinous 1,VDAC1
PDZK1IP1,1.08E-55,0.277040868,0.859,0.391,2.15E-52,IFE spinous 1,PDZK1IP1
OVOL1,2.87E-55,0.458565824,0.871,0.545,5.74E-52,IFE spinous 1,OVOL1
EMP1,2.29E-54,0.404337452,0.954,0.648,4.57E-51,IFE spinous 1,EMP1
STX11,4.03E-54,0.270861016,0.685,0.299,8.05E-51,IFE spinous 1,STX11
SH3BGRL3,1.40E-53,0.31382819,0.994,0.864,2.80E-50,IFE spinous 1,SH3BGRL3
ITM2B,2.24E-53,0.3499108,0.998,0.936,4.47E-50,IFE spinous 1,ITM2B
GATM,3.46E-53,0.398216047,0.892,0.503,6.93E-50,IFE spinous 1,GATM
HCAR2,8.22E-53,0.415299698,0.784,0.365,1.64E-49,IFE spinous 1,HCAR2
RPL22L1,2.22E-52,0.372605847,0.977,0.768,4.44E-49,IFE spinous 1,RPL22L1
FABP5,5.08E-52,0.273828479,0.992,0.829,1.02E-48,IFE spinous 1,FABP5
PPP1R14B,2.60E-49,0.259572263,0.907,0.497,5.19E-46,IFE spinous 1,PPP1R14B
HBEGF,9.24E-49,0.346579659,0.846,0.497,1.85E-45,IFE spinous 1,HBEGF
RAB25,1.55E-48,0.274336111,0.942,0.613,3.11E-45,IFE spinous 1,RAB25
CERS3,2.99E-48,0.286974468,0.741,0.326,5.97E-45,IFE spinous 1,CERS3
HSPA5,3.80E-48,0.548470872,0.979,0.841,7.59E-45,IFE spinous 1,HSPA5
NCOA7,6.05E-48,0.455777946,0.859,0.496,1.21E-44,IFE spinous 1,NCOA7
IL1RN,5.04E-47,0.433730336,0.797,0.389,1.01E-43,IFE spinous 1,IL1RN
TMEM40,6.43E-47,0.307223604,0.72,0.318,1.29E-43,IFE spinous 1,TMEM40
ANKRD22,9.87E-47,0.258723041,0.732,0.367,1.97E-43,IFE spinous 1,ANKRD22
NSG1,1.77E-46,0.265096288,0.88,0.509,3.54E-43,IFE spinous 1,NSG1
CLCA2,1.10E-45,0.418654879,0.867,0.417,2.19E-42,IFE spinous 1,CLCA2
TUBA4A,2.47E-45,0.283769247,0.944,0.629,4.93E-42,IFE spinous 1,TUBA4A
NDUFA4L2,1.38E-44,0.380408357,0.873,0.546,2.76E-41,IFE spinous 1,NDUFA4L2
F12,2.91E-44,0.31101183,0.695,0.337,5.83E-41,IFE spinous 1,F12
SERPINB5,7.01E-44,0.371644704,0.975,0.757,1.40E-40,IFE spinous 1,SERPINB5
YBX3,2.84E-43,0.351941477,0.99,0.771,5.69E-40,IFE spinous 1,YBX3
GSTA4,2.80E-41,0.313669842,0.871,0.523,5.59E-38,IFE spinous 1,GSTA4
TYMP,4.79E-40,0.288933473,0.859,0.508,9.58E-37,IFE spinous 1,TYMP
SDR16C5,4.97E-37,0.292889118,0.788,0.424,9.94E-34,IFE spinous 1,SDR16C5
SNHG15,1.22E-35,0.259878689,0.851,0.555,2.45E-32,IFE spinous 1,SNHG15
CKMT1A,4.91E-35,0.252047285,0.724,0.346,9.81E-32,IFE spinous 1,CKMT1A
CLEC2B,1.59E-34,0.597536208,0.639,0.291,3.17E-31,IFE spinous 1,CLEC2B
SLC38A2,7.11E-33,0.260855735,0.942,0.684,1.42E-29,IFE spinous 1,SLC38A2
FAM213A,3.45E-32,0.408564671,0.89,0.602,6.91E-29,IFE spinous 1,FAM213A
BZW2,5.30E-32,0.28316426,0.846,0.552,1.06E-28,IFE spinous 1,BZW2
CENPP,4.21E-30,0.263177038,0.595,0.253,8.43E-27,IFE spinous 1,CENPP
CA2,4.52E-28,0.297339425,0.737,0.407,9.04E-25,IFE spinous 1,CA2
GSTA3,3.97E-25,0.26926202,0.504,0.131,7.95E-22,IFE spinous 1,GSTA3
RND3,5.01E-25,0.25485152,0.849,0.554,1.00E-21,IFE spinous 1,RND3
ATG3,7.23E-21,0.266834204,0.828,0.513,1.45E-17,IFE spinous 1,ATG3
HES1,1.27E-07,0.26295983,0.554,0.346,0.000254716,IFE spinous 1,HES1
KRT5,0,1.383262521,1,0.909,0,ORS SB,KRT5
S100A2,0,1.359307839,1,0.905,0,ORS SB,S100A2
KRT14,0,1.097020927,1,0.952,0,ORS SB,KRT14
APOE,1.61E-260,1.237360757,1,0.883,3.22E-257,ORS SB,APOE
FABP51,6.52E-198,1.110174106,0.998,0.83,1.30E-194,ORS SB,FABP5
S100A14,5.49E-181,0.836159096,1,0.885,1.10E-177,ORS SB,S100A14
KRT16,1.07E-178,2.358360649,0.984,0.592,2.13E-175,ORS SB,KRT16
SDC1,5.43E-166,1.177673047,0.996,0.792,1.09E-162,ORS SB,SDC1
LGALS7B1,4.66E-153,0.702567037,0.991,0.775,9.33E-150,ORS SB,LGALS7B
GJA1,6.10E-152,0.977456096,0.996,0.733,1.22E-148,ORS SB,GJA1
ACTN1,2.62E-150,1.036839829,0.984,0.67,5.24E-147,ORS SB,ACTN1
CALML3,2.04E-149,0.882493385,0.996,0.805,4.07E-146,ORS SB,CALML3
PHGDH,2.64E-148,0.921735659,0.987,0.738,5.28E-145,ORS SB,PHGDH
ANXA2,5.72E-145,0.708955892,1,0.947,1.14E-141,ORS SB,ANXA2
LYPD31,3.92E-141,0.712965815,0.987,0.61,7.85E-138,ORS SB,LYPD3
S100A161,1.34E-139,0.886099733,0.996,0.846,2.67E-136,ORS SB,S100A16
TM4SF1,6.18E-133,1.091401383,0.969,0.608,1.24E-129,ORS SB,TM4SF1
RHOV1,1.04E-132,0.697652466,0.976,0.52,2.07E-129,ORS SB,RHOV
HSPB1,1.50E-130,0.714605009,1,0.973,3.00E-127,ORS SB,HSPB1
CBLN2,6.81E-118,1.152545176,0.88,0.158,1.36E-114,ORS SB,CBLN2
TMSB4X,3.65E-116,0.526004717,1,0.977,7.30E-113,ORS SB,TMSB4X
HSPA2,1.00E-112,0.884430513,0.962,0.634,2.01E-109,ORS SB,HSPA2
APOC1,1.58E-110,1.113973967,0.944,0.426,3.15E-107,ORS SB,APOC1
GJB6,6.93E-109,1.396902343,0.967,0.658,1.39E-105,ORS SB,GJB6
CCND11,1.12E-108,0.93850612,0.978,0.672,2.24E-105,ORS SB,CCND1
DSP1,3.13E-106,0.785512673,0.993,0.812,6.26E-103,ORS SB,DSP
YWHAQ,1.48E-105,0.740477086,0.984,0.875,2.95E-102,ORS SB,YWHAQ
CREG1,4.71E-104,0.704586276,0.96,0.679,9.41E-101,ORS SB,CREG1
KRT6B,5.57E-100,0.958538489,0.929,0.596,1.11E-96,ORS SB,KRT6B
PKP11,1.42E-95,0.575784692,0.953,0.595,2.83E-92,ORS SB,PKP1
CAPNS2,1.46E-95,0.748230816,0.971,0.723,2.92E-92,ORS SB,CAPNS2
LYPD6B,1.47E-90,0.752665196,0.913,0.382,2.95E-87,ORS SB,LYPD6B
MARCKSL1,1.12E-88,0.549301166,0.949,0.669,2.25E-85,ORS SB,MARCKSL1
TMSB10,4.10E-88,0.503597176,1,0.958,8.20E-85,ORS SB,TMSB10
PDZRN3,5.61E-88,0.784688551,0.813,0.209,1.12E-84,ORS SB,PDZRN3
LGALS71,8.33E-86,0.584337908,0.953,0.714,1.67E-82,ORS SB,LGALS7
TRAPPC8,5.52E-84,0.750910524,0.829,0.299,1.10E-80,ORS SB,TRAPPC8
EFNA51,9.88E-84,0.586906447,0.875,0.349,1.98E-80,ORS SB,EFNA5
CALD1,1.61E-83,0.858903271,0.967,0.734,3.22E-80,ORS SB,CALD1
VSNL1,2.01E-80,0.753467926,0.929,0.592,4.02E-77,ORS SB,VSNL1
HOPX,4.25E-80,0.653037275,0.929,0.561,8.50E-77,ORS SB,HOPX
PARM1,6.22E-79,0.67202457,0.815,0.281,1.24E-75,ORS SB,PARM1
KRT6C,5.52E-75,1.119208552,0.797,0.351,1.10E-71,ORS SB,KRT6C
SDC21,1.20E-74,0.676300519,0.889,0.417,2.39E-71,ORS SB,SDC2
CTNNB1,5.27E-73,0.591474909,0.938,0.62,1.05E-69,ORS SB,CTNNB1
KCNK71,6.23E-72,0.534742228,0.882,0.457,1.25E-68,ORS SB,KCNK7
GJB2,2.98E-68,0.886313059,0.918,0.627,5.97E-65,ORS SB,GJB2
CREB51,3.45E-66,0.546331491,0.851,0.422,6.90E-63,ORS SB,CREB5
MAFB,2.25E-63,0.507557587,0.933,0.642,4.49E-60,ORS SB,MAFB
FAM84A,1.58E-62,0.503226549,0.837,0.446,3.15E-59,ORS SB,FAM84A
HES4,1.74E-62,0.496533616,0.793,0.292,3.49E-59,ORS SB,HES4
SOX9,6.22E-62,0.510596658,0.853,0.475,1.24E-58,ORS SB,SOX9
PXMP2,2.41E-61,0.57333167,0.824,0.419,4.83E-58,ORS SB,PXMP2
SOSTDC11,7.54E-60,0.541027945,0.947,0.653,1.51E-56,ORS SB,SOSTDC1
LURAP1L,9.96E-59,0.467244314,0.771,0.368,1.99E-55,ORS SB,LURAP1L
SMCO4,7.82E-57,0.521704589,0.755,0.311,1.56E-53,ORS SB,SMCO4
GSTP1,9.84E-57,0.410865899,0.987,0.938,1.97E-53,ORS SB,GSTP1
SFN1,4.58E-56,0.370724683,0.982,0.826,9.16E-53,ORS SB,SFN
POMC,1.98E-54,0.407784204,0.759,0.356,3.95E-51,ORS SB,POMC
CD82,4.74E-54,0.573580123,0.895,0.601,9.48E-51,ORS SB,CD82
S100A111,2.56E-53,0.365670688,0.998,0.891,5.13E-50,ORS SB,S100A11
FLNB,6.41E-53,0.430141422,0.804,0.436,1.28E-49,ORS SB,FLNB
CYP1B11,2.97E-51,0.308303595,0.927,0.565,5.93E-48,ORS SB,CYP1B1
CLDN1,3.27E-50,0.461138514,0.924,0.592,6.54E-47,ORS SB,CLDN1
NELL2,1.17E-49,0.337578889,0.69,0.258,2.33E-46,ORS SB,NELL2
CHST21,1.98E-49,0.361675149,0.84,0.394,3.95E-46,ORS SB,CHST2
SHISA21,5.85E-49,0.388390302,0.782,0.35,1.17E-45,ORS SB,SHISA2
GADD45G,9.23E-49,0.494981611,0.878,0.533,1.85E-45,ORS SB,GADD45G
TACSTD21,2.39E-47,0.304845012,0.987,0.772,4.78E-44,ORS SB,TACSTD2
PYGL,1.40E-46,0.404233408,0.744,0.321,2.79E-43,ORS SB,PYGL
CHMP4B,4.47E-46,0.452370495,0.898,0.632,8.95E-43,ORS SB,CHMP4B
LHX21,1.10E-45,0.344361851,0.844,0.427,2.20E-42,ORS SB,LHX2
CXCL12,5.84E-44,0.415889801,0.661,0.244,1.17E-40,ORS SB,CXCL12
SERPINB51,4.35E-42,0.363587518,0.967,0.759,8.70E-39,ORS SB,SERPINB5
TUBA4A1,8.42E-42,0.281279369,0.909,0.635,1.68E-38,ORS SB,TUBA4A
SYTL1,2.20E-41,0.271986261,0.886,0.644,4.40E-38,ORS SB,SYTL1
TIAM1,5.84E-41,0.352724287,0.751,0.384,1.17E-37,ORS SB,TIAM1
TUBB2A1,6.24E-41,0.413108866,0.96,0.813,1.25E-37,ORS SB,TUBB2A
CAP1,1.23E-40,0.459048944,0.915,0.681,2.45E-37,ORS SB,CAP1
IER31,7.40E-40,0.31901912,0.98,0.831,1.48E-36,ORS SB,IER3
ACP51,8.16E-40,0.282899146,0.808,0.509,1.63E-36,ORS SB,ACP5
MTSS1,4.20E-39,0.459609815,0.773,0.398,8.39E-36,ORS SB,MTSS1
CNN3,1.13E-38,0.315402149,0.891,0.604,2.27E-35,ORS SB,CNN3
ID4,2.81E-38,0.313831182,0.717,0.266,5.61E-35,ORS SB,ID4
DSC2,8.75E-38,0.480495757,0.739,0.417,1.75E-34,ORS SB,DSC2
CLCA21,1.61E-37,0.416742638,0.795,0.426,3.22E-34,ORS SB,CLCA2
ABRACL1,1.04E-34,0.476896223,0.924,0.744,2.08E-31,ORS SB,ABRACL
CA21,1.63E-34,0.402195271,0.766,0.407,3.26E-31,ORS SB,CA2
TP53AIP1,1.69E-34,0.390473831,0.797,0.455,3.38E-31,ORS SB,TP53AIP1
SOX4,1.83E-34,0.430312514,0.871,0.557,3.66E-31,ORS SB,SOX4
CRYAB1,4.14E-32,0.418451304,0.882,0.61,8.28E-29,ORS SB,CRYAB
DSG3,4.65E-32,0.427364593,0.815,0.518,9.31E-29,ORS SB,DSG3
PDCD4,1.53E-31,0.317300618,0.866,0.581,3.05E-28,ORS SB,PDCD4
S100A1,1.66E-31,0.557808052,0.646,0.211,3.33E-28,ORS SB,S100A1
PPFIBP2,5.95E-31,0.353792916,0.69,0.335,1.19E-27,ORS SB,PPFIBP2
NAGK,1.64E-30,0.328070436,0.797,0.516,3.29E-27,ORS SB,NAGK
CTSC,5.48E-30,0.277230371,0.835,0.512,1.10E-26,ORS SB,CTSC
SSFA21,1.70E-29,0.328140859,0.791,0.482,3.41E-26,ORS SB,SSFA2
CARD16,2.38E-29,0.39638791,0.693,0.335,4.75E-26,ORS SB,CARD16
TUBA1A1,5.41E-29,0.322586552,0.951,0.84,1.08E-25,ORS SB,TUBA1A
TMEM159,1.12E-28,0.279842376,0.802,0.525,2.24E-25,ORS SB,TMEM159
MYO1B,3.15E-28,0.292470426,0.666,0.325,6.30E-25,ORS SB,MYO1B
CXADR,2.14E-27,0.319382491,0.924,0.703,4.28E-24,ORS SB,CXADR
BNC2,2.69E-27,0.281222044,0.728,0.355,5.37E-24,ORS SB,BNC2
DYNLT3,8.47E-27,0.42800703,0.684,0.379,1.69E-23,ORS SB,DYNLT3
SERGEF,8.30E-26,0.261025797,0.722,0.458,1.66E-22,ORS SB,SERGEF
RBP1,1.00E-24,0.293900116,0.869,0.661,2.01E-21,ORS SB,RBP1
CASP14,1.75E-24,0.305872327,0.615,0.24,3.51E-21,ORS SB,CASP14
GPR87,5.09E-23,0.255683694,0.744,0.456,1.02E-19,ORS SB,GPR87
TENM21,2.61E-22,0.259795152,0.724,0.442,5.21E-19,ORS SB,TENM2
CCDC34,6.59E-22,0.265564521,0.768,0.464,1.32E-18,ORS SB,CCDC34
KRT17,1.21E-21,0.405477781,0.648,0.28,2.42E-18,ORS SB,KRT17
TCF121,8.55E-21,0.291300338,0.742,0.432,1.71E-17,ORS SB,TCF12
NDRG1,1.34E-20,0.250943487,0.826,0.609,2.67E-17,ORS SB,NDRG1
MPZL2,2.02E-19,0.29124125,0.788,0.551,4.03E-16,ORS SB,MPZL2
TPM1,2.31E-19,0.362445911,0.808,0.615,4.61E-16,ORS SB,TPM1
NUCB2,3.02E-19,0.404672978,0.764,0.512,6.05E-16,ORS SB,NUCB2
CD109,4.09E-19,0.300609284,0.697,0.446,8.18E-16,ORS SB,CD109
MALAT11,2.06E-17,0.308976358,1,0.987,4.12E-14,ORS SB,MALAT1
HEBP2,4.19E-16,0.283879896,0.875,0.672,8.39E-13,ORS SB,HEBP2
HSPA61,4.14E-08,0.353020409,0.584,0.354,8.27E-05,ORS SB,HSPA6
PRR9,3.40E-48,2.226650253,0.621,0.271,6.80E-45,IRS H/H,PRR9
KRT25,1.18E-41,2.080324563,0.594,0.261,2.36E-38,IRS H/H,KRT25
FABP9,4.05E-32,2.579958491,0.539,0.125,8.11E-29,IRS H/H,FABP9
TCHH,5.46E-32,2.751400291,0.557,0.21,1.09E-28,IRS H/H,TCHH
KRT11,1.48E-31,0.668417689,0.732,0.63,2.95E-28,IRS H/H,KRT1
FABP52,2.57E-27,0.702408002,0.855,0.843,5.14E-24,IRS H/H,FABP5
KRT71,7.79E-25,1.664732463,0.478,0.226,1.56E-21,IRS H/H,KRT71
S100A91,3.21E-22,0.664253848,0.704,0.763,6.42E-19,IRS H/H,S100A9
S100A81,2.55E-21,0.556075704,0.724,0.806,5.09E-18,IRS H/H,S100A8
KRT74,1.48E-20,1.601289189,0.424,0.194,2.96E-17,IRS H/H,KRT74
KRTDAP1,3.24E-15,0.815577249,0.502,0.588,6.48E-12,IRS H/H,KRTDAP
S100A71,2.85E-14,0.631002897,0.574,0.66,5.70E-11,IRS H/H,S100A7
KRT28,9.74E-14,1.124095358,0.416,0.19,1.95E-10,IRS H/H,KRT28
LDHB,5.02E-13,0.265297969,0.227,0.8,1.00E-09,IRS H/H,LDHB
KRT27,2.98E-12,1.584267777,0.389,0.191,5.97E-09,IRS H/H,KRT27
H2AFZ,7.01E-10,0.299705397,0.392,0.845,1.40E-06,IRS H/H,H2AFZ
AK2,1.51E-09,0.262659553,0.308,0.669,3.02E-06,IRS H/H,AK2
ALDH21,3.88E-09,0.252791897,0.315,0.709,7.75E-06,IRS H/H,ALDH2
NME1,5.98E-09,0.344939255,0.271,0.759,1.20E-05,IRS H/H,NME1
HSD17B10,9.50E-09,0.298164174,0.342,0.743,1.90E-05,IRS H/H,HSD17B10
RAB251,2.03E-08,0.295068043,0.182,0.681,4.06E-05,IRS H/H,RAB25
DMKN1,3.38E-08,0.597782792,0.628,0.785,6.77E-05,IRS H/H,DMKN
CST6,8.98E-08,0.259842634,0.448,0.521,0.000179625,IRS H/H,CST6
TUBA1B,1.23E-07,0.341072971,0.562,0.95,0.000245437,IRS H/H,TUBA1B
COMTD1,1.28E-07,0.266571453,0.318,0.626,0.000255288,IRS H/H,COMTD1
SDC41,1.79E-07,0.325664288,0.362,0.709,0.000357093,IRS H/H,SDC4
TUBA4A2,2.01E-07,0.315065557,0.271,0.69,0.000401646,IRS H/H,TUBA4A
LY6D1,2.27E-07,0.496591473,0.542,0.562,0.000454447,IRS H/H,LY6D
ITM2B1,2.84E-07,0.43599787,0.621,0.969,0.000568413,IRS H/H,ITM2B
ETFA,3.22E-07,0.273632789,0.254,0.603,0.000644248,IRS H/H,ETFA
CTNNBIP1,4.23E-07,0.306213604,0.328,0.666,0.000845827,IRS H/H,CTNNBIP1
CNN31,5.35E-07,0.297526072,0.323,0.654,0.001070012,IRS H/H,CNN3
MYL6B,6.19E-07,0.278912139,0.3,0.623,0.001237299,IRS H/H,MYL6B
IAH1,6.93E-06,0.270598573,0.296,0.613,0.013855369,IRS H/H,IAH1
CHCHD101,7.18E-06,0.265257773,0.347,0.641,0.014369747,IRS H/H,CHCHD10
GJA11,1.32E-05,0.370344025,0.468,0.779,0.026417857,IRS H/H,GJA1
PSORS1C2,1.67E-05,0.589330161,0.217,0.211,0.033447232,IRS H/H,PSORS1C2
TKT,4.98E-05,0.427444468,0.389,0.759,0.099619834,IRS H/H,TKT
ECHDC1,6.40E-05,0.252380735,0.286,0.586,0.127932477,IRS H/H,ECHDC1
C19orf48,6.89E-05,0.320434489,0.266,0.598,0.137704003,IRS H/H,C19orf48
APLP2,0.000136848,0.386142157,0.362,0.674,0.273696485,IRS H/H,APLP2
KRT35,0.000154621,0.408671265,0.377,0.382,0.309242549,IRS H/H,KRT35
CTNNB11,0.000158633,1.000076109,0.461,0.662,0.317265243,IRS H/H,CTNNB1
KLK7,0.000257671,0.405899943,0.303,0.247,0.515342737,IRS H/H,KLK7
KRT85,0.000511263,0.469228394,0.357,0.428,1,IRS H/H,KRT85
ATOX1,0.00052619,0.378127781,0.315,0.626,1,IRS H/H,ATOX1
CLIC3,0.001316026,0.54102445,0.337,0.342,1,IRS H/H,CLIC3
MT2A,0.001770603,0.951257254,0.438,0.662,1,IRS H/H,MT2A
DEGS2,0.00267001,0.467978595,0.298,0.233,1,IRS H/H,DEGS2
ACAA2,0.002797185,0.273547434,0.308,0.55,1,IRS H/H,ACAA2
KRT23,0.002990184,0.722642933,0.266,0.313,1,IRS H/H,KRT23
STMN1,0.004258343,0.452706957,0.401,0.701,1,IRS H/H,STMN1
PDCD41,0.004658155,0.461792963,0.33,0.628,1,IRS H/H,PDCD4
TMEM45A1,0.008679347,0.294107021,0.365,0.661,1,IRS H/H,TMEM45A
S100A141,0.008930106,0.279151476,0.727,0.909,1,IRS H/H,S100A14
KRT151,2.49E-126,0.317075723,0.992,0.785,4.98E-123,IFE basal 1,KRT15
HLA-B1,1.60E-108,0.508174472,0.997,0.88,3.19E-105,IFE basal 1,HLA-B
B2M1,2.93E-93,0.344812412,0.992,0.962,5.87E-90,IFE basal 1,B2M
KRT141,3.49E-88,0.390009047,1,0.953,6.98E-85,IFE basal 1,KRT14
KLF41,1.59E-80,0.699752998,0.987,0.852,3.18E-77,IFE basal 1,KLF4
MT-ND1,6.83E-79,0.592422462,1,0.942,1.37E-75,IFE basal 1,MT-ND1
PMAIP11,9.03E-74,0.78900913,0.973,0.713,1.81E-70,IFE basal 1,PMAIP1
DUSP12,1.97E-69,0.373121179,0.997,0.935,3.94E-66,IFE basal 1,DUSP1
IFITM31,2.73E-59,0.391630265,0.968,0.692,5.46E-56,IFE basal 1,IFITM3
FTL1,2.60E-56,0.367760245,1,0.923,5.19E-53,IFE basal 1,FTL
TUBB4B,2.98E-56,0.467164288,0.995,0.89,5.97E-53,IFE basal 1,TUBB4B
CYR61,2.13E-53,0.682928142,0.851,0.511,4.27E-50,IFE basal 1,CYR61
LY6E,1.67E-51,0.407437472,0.934,0.66,3.34E-48,IFE basal 1,LY6E
ZC3H12A1,7.08E-49,0.523215137,0.886,0.599,1.42E-45,IFE basal 1,ZC3H12A
COL17A11,5.08E-48,0.531899932,0.886,0.552,1.02E-44,IFE basal 1,COL17A1
SLC2A11,1.96E-46,0.609067492,0.878,0.607,3.92E-43,IFE basal 1,SLC2A1
IMPA21,4.51E-46,0.497774889,0.905,0.669,9.02E-43,IFE basal 1,IMPA2
AQP31,1.38E-44,0.489784845,0.926,0.651,2.77E-41,IFE basal 1,AQP3
EHF1,1.84E-44,0.55686575,0.857,0.476,3.68E-41,IFE basal 1,EHF
DST1,8.80E-44,0.387090501,0.966,0.671,1.76E-40,IFE basal 1,DST
NCOA71,1.16E-43,0.529391568,0.82,0.507,2.33E-40,IFE basal 1,NCOA7
TIMP1,2.24E-43,0.548423354,0.812,0.438,4.47E-40,IFE basal 1,TIMP1
NFKBIA1,3.94E-43,0.428425876,1,0.947,7.89E-40,IFE basal 1,NFKBIA
GADD45B1,4.68E-38,0.386643476,0.989,0.894,9.35E-35,IFE basal 1,GADD45B
ANXA11,1.17E-37,0.40498454,0.973,0.813,2.35E-34,IFE basal 1,ANXA1
CA121,1.40E-37,0.391773058,0.775,0.502,2.80E-34,IFE basal 1,CA12
TSC22D11,2.86E-37,0.468571993,0.944,0.715,5.71E-34,IFE basal 1,TSC22D1
CDH131,1.34E-35,0.349253795,0.753,0.48,2.68E-32,IFE basal 1,CDH13
ATF32,2.31E-35,0.502358038,0.973,0.865,4.62E-32,IFE basal 1,ATF3
CXADR1,5.68E-35,0.337866354,0.928,0.706,1.14E-31,IFE basal 1,CXADR
ABI3BP,8.55E-35,0.52453778,0.65,0.282,1.71E-31,IFE basal 1,ABI3BP
AVPI1,1.27E-33,0.45990057,0.793,0.528,2.54E-30,IFE basal 1,AVPI1
ETS21,9.46E-31,0.424328152,0.74,0.47,1.89E-27,IFE basal 1,ETS2
BRD2,1.74E-30,0.327251645,0.926,0.797,3.48E-27,IFE basal 1,BRD2
IL20RB1,1.55E-27,0.385973145,0.751,0.491,3.11E-24,IFE basal 1,IL20RB
FGFBP11,1.14E-26,0.592052698,0.721,0.492,2.29E-23,IFE basal 1,FGFBP1
EDN1,4.59E-26,0.430424289,0.629,0.348,9.18E-23,IFE basal 1,EDN1
CLEC2B1,6.02E-26,0.383345274,0.599,0.301,1.20E-22,IFE basal 1,CLEC2B
WNT3,9.92E-26,0.345657983,0.517,0.192,1.98E-22,IFE basal 1,WNT3
DUSP2,1.16E-25,0.450346103,0.727,0.531,2.33E-22,IFE basal 1,DUSP2
NFIC1,1.21E-25,0.251625906,0.878,0.701,2.42E-22,IFE basal 1,NFIC
CITED2,2.06E-24,0.288617177,0.767,0.557,4.12E-21,IFE basal 1,CITED2
FAM133B,3.28E-24,0.317971497,0.854,0.673,6.56E-21,IFE basal 1,FAM133B
BTG21,3.44E-24,0.320210979,0.934,0.787,6.87E-21,IFE basal 1,BTG2
TP53AIP11,3.27E-23,0.296712104,0.727,0.465,6.54E-20,IFE basal 1,TP53AIP1
CBR3,5.86E-23,0.263517844,0.719,0.499,1.17E-19,IFE basal 1,CBR3
CKB,7.58E-23,0.295416885,0.729,0.481,1.52E-19,IFE basal 1,CKB
HBEGF1,1.37E-22,0.324577678,0.724,0.514,2.75E-19,IFE basal 1,HBEGF
CTNNAL1,1.89E-22,0.339323216,0.626,0.392,3.77E-19,IFE basal 1,CTNNAL1
CTSB,3.41E-22,0.282989141,0.875,0.693,6.81E-19,IFE basal 1,CTSB
NR4A1,2.12E-21,0.291850052,0.78,0.602,4.24E-18,IFE basal 1,NR4A1
TNFRSF12A1,4.75E-21,0.321475613,0.775,0.595,9.49E-18,IFE basal 1,TNFRSF12A
TYMP1,8.76E-21,0.251068046,0.756,0.524,1.75E-17,IFE basal 1,TYMP
CCL21,1.26E-20,0.527705437,0.653,0.432,2.52E-17,IFE basal 1,CCL2
ANKRD37,2.79E-20,0.391611725,0.653,0.45,5.58E-17,IFE basal 1,ANKRD37
PLK2,4.78E-19,0.333581902,0.844,0.687,9.57E-16,IFE basal 1,PLK2
MT1X1,3.75E-18,0.33378284,0.897,0.709,7.50E-15,IFE basal 1,MT1X
RGCC,8.47E-17,0.28343281,0.565,0.362,1.69E-13,IFE basal 1,RGCC
ID2,6.15E-16,0.275681907,0.87,0.697,1.23E-12,IFE basal 1,ID2
TXNDC17,1.21E-15,0.255338453,0.891,0.721,2.43E-12,IFE basal 1,TXNDC17
CDCA7L,3.21E-15,0.252196777,0.586,0.425,6.43E-12,IFE basal 1,CDCA7L
RASD1,8.69E-15,0.257585949,0.761,0.576,1.74E-11,IFE basal 1,RASD1
WDR43,4.71E-14,0.304373941,0.613,0.45,9.43E-11,IFE basal 1,WDR43
ADM,1.41E-12,0.34226101,0.557,0.411,2.82E-09,IFE basal 1,ADM
SLPI,1.47E-12,0.349009513,0.456,0.237,2.93E-09,IFE basal 1,SLPI
SYNE2,6.67E-11,0.25153774,0.833,0.702,1.33E-07,IFE basal 1,SYNE2
HOPX1,7.69E-10,0.365610212,0.729,0.581,1.54E-06,IFE basal 1,HOPX
HES11,1.11E-08,0.263380208,0.528,0.352,2.21E-05,IFE basal 1,HES1
CHCHD102,2.48E-174,1.057919999,0.991,0.592,4.96E-171,IFE spinous 2,CHCHD10
SLC25A51,1.33E-169,0.636039753,1,0.883,2.65E-166,IFE spinous 2,SLC25A5
CSTB,5.85E-159,1.2886663,1,0.862,1.17E-155,IFE spinous 2,CSTB
LGALS7B2,6.02E-145,0.645648926,0.997,0.78,1.20E-141,IFE spinous 2,LGALS7B
APOE1,1.06E-142,0.444605246,1,0.886,2.12E-139,IFE spinous 2,APOE
S100A162,4.28E-139,0.561055768,1,0.849,8.56E-136,IFE spinous 2,S100A16
TMEM45A2,9.93E-138,1.129772922,0.994,0.613,1.99E-134,IFE spinous 2,TMEM45A
CALML31,9.96E-121,0.71225586,1,0.809,1.99E-117,IFE spinous 2,CALML3
S100A112,1.50E-120,0.753416325,1,0.893,3.01E-117,IFE spinous 2,S100A11
ATP5B1,1.03E-116,0.490586253,1,0.877,2.06E-113,IFE spinous 2,ATP5B
IMPA22,7.14E-114,0.673850306,0.988,0.664,1.43E-110,IFE spinous 2,IMPA2
KRT6A,7.99E-113,1.797629956,0.956,0.559,1.60E-109,IFE spinous 2,KRT6A
DEFB11,1.20E-111,0.931354496,0.98,0.456,2.40E-108,IFE spinous 2,DEFB1
COX8A,1.11E-108,0.529787519,1,0.875,2.22E-105,IFE spinous 2,COX8A
TPI1,1.08E-97,0.493276654,1,0.909,2.16E-94,IFE spinous 2,TPI1
TACSTD22,9.91E-97,0.52303792,0.991,0.776,1.98E-93,IFE spinous 2,TACSTD2
EMP21,1.11E-95,0.521746505,0.997,0.818,2.23E-92,IFE spinous 2,EMP2
PTN,8.16E-95,1.204073876,0.927,0.445,1.63E-91,IFE spinous 2,PTN
NEAT11,1.22E-94,0.464057743,0.994,0.748,2.44E-91,IFE spinous 2,NEAT1
LGALS72,1.42E-93,0.457300806,0.983,0.717,2.85E-90,IFE spinous 2,LGALS7
DSP2,6.62E-93,0.418147457,1,0.815,1.32E-89,IFE spinous 2,DSP
GSTP11,3.93E-87,0.383830588,1,0.938,7.86E-84,IFE spinous 2,GSTP1
TPM11,1.22E-78,0.614362391,0.971,0.607,2.43E-75,IFE spinous 2,TPM1
LYPD32,2.78E-78,0.53019092,0.965,0.62,5.57E-75,IFE spinous 2,LYPD3
PDZK1IP11,4.20E-78,0.896272516,0.913,0.401,8.41E-75,IFE spinous 2,PDZK1IP1
DMKN2,9.29E-78,0.863764376,0.983,0.758,1.86E-74,IFE spinous 2,DMKN
RBP11,2.77E-76,0.550322141,0.971,0.658,5.54E-73,IFE spinous 2,RBP1
PKP12,8.95E-76,0.507770859,0.962,0.602,1.79E-72,IFE spinous 2,PKP1
SH3BGRL31,3.10E-74,0.632744159,0.997,0.867,6.20E-71,IFE spinous 2,SH3BGRL3
S100A82,5.08E-72,1.26884391,0.985,0.786,1.02E-68,IFE spinous 2,S100A8
S100A92,8.06E-72,1.24814079,0.983,0.743,1.61E-68,IFE spinous 2,S100A9
S100A142,1.09E-71,0.289299292,1,0.887,2.18E-68,IFE spinous 2,S100A14
PPP1R14B1,3.42E-70,0.489428176,0.927,0.507,6.85E-67,IFE spinous 2,PPP1R14B
CYP27A1,9.80E-69,0.601247291,0.942,0.477,1.96E-65,IFE spinous 2,CYP27A1
EHF2,1.05E-66,0.429116645,0.927,0.474,2.09E-63,IFE spinous 2,EHF
MT-ND11,1.77E-65,0.272569259,1,0.942,3.54E-62,IFE spinous 2,MT-ND1
KRT6B1,1.97E-63,1.355205775,0.918,0.604,3.95E-60,IFE spinous 2,KRT6B
CLDN11,9.68E-63,0.638004188,0.945,0.598,1.94E-59,IFE spinous 2,CLDN1
CTSC1,1.24E-62,0.51415538,0.927,0.513,2.48E-59,IFE spinous 2,CTSC
SBSN,2.79E-62,1.295224809,0.86,0.438,5.58E-59,IFE spinous 2,SBSN
TMSB101,2.98E-62,0.260596469,1,0.959,5.96E-59,IFE spinous 2,TMSB10
MGST1,3.50E-62,0.510953492,0.927,0.528,7.00E-59,IFE spinous 2,MGST1
SPINK5,1.01E-61,1.528581058,0.84,0.415,2.02E-58,IFE spinous 2,SPINK5
RHOV2,5.35E-61,0.372823958,0.962,0.531,1.07E-57,IFE spinous 2,RHOV
COMTD11,7.23E-59,0.395171024,0.91,0.581,1.45E-55,IFE spinous 2,COMTD1
C9orf16,1.86E-57,0.474930651,0.971,0.787,3.73E-54,IFE spinous 2,C9orf16
FGFBP12,3.75E-57,0.684197729,0.901,0.481,7.50E-54,IFE spinous 2,FGFBP1
LY6D2,1.16E-56,0.782327623,0.93,0.535,2.32E-53,IFE spinous 2,LY6D
CIDEA,4.68E-56,0.522789705,0.787,0.321,9.36E-53,IFE spinous 2,CIDEA
MARCKS,5.34E-56,0.398589348,0.913,0.57,1.07E-52,IFE spinous 2,MARCKS
EFHD2,4.00E-55,0.442240664,0.831,0.447,7.99E-52,IFE spinous 2,EFHD2
RAB252,5.18E-55,0.407143617,0.945,0.622,1.04E-51,IFE spinous 2,RAB25
SUSD4,6.24E-55,0.438886489,0.773,0.351,1.25E-51,IFE spinous 2,SUSD4
TYMP2,1.26E-54,0.557235669,0.889,0.516,2.52E-51,IFE spinous 2,TYMP
CYB5R2,1.57E-53,0.472268023,0.776,0.346,3.14E-50,IFE spinous 2,CYB5R2
FABP53,2.49E-53,0.583769064,0.985,0.834,4.99E-50,IFE spinous 2,FABP5
DSG11,4.49E-52,0.43720063,0.857,0.405,8.98E-49,IFE spinous 2,DSG1
KRT51,8.69E-52,0.359770869,0.991,0.912,1.74E-48,IFE spinous 2,KRT5
PGK1,1.79E-51,0.388389345,0.994,0.841,3.58E-48,IFE spinous 2,PGK1
CHI3L2,3.80E-50,0.718335315,0.72,0.287,7.60E-47,IFE spinous 2,CHI3L2
LDHA1,6.91E-50,0.291959628,1,0.929,1.38E-46,IFE spinous 2,LDHA
ATP5F1,9.81E-50,0.280090591,0.985,0.821,1.96E-46,IFE spinous 2,ATP5F1
KLK1,1.36E-49,0.486835063,0.773,0.37,2.71E-46,IFE spinous 2,KLK1
PDXK,2.04E-48,0.370133657,0.796,0.425,4.08E-45,IFE spinous 2,PDXK
GJB21,4.48E-47,0.526221949,0.91,0.633,8.97E-44,IFE spinous 2,GJB2
S100A21,1.05E-46,0.657295792,0.991,0.908,2.10E-43,IFE spinous 2,S100A2
PGAM1,1.08E-46,0.348627879,0.953,0.704,2.16E-43,IFE spinous 2,PGAM1
GSTA41,1.05E-45,0.376880778,0.883,0.532,2.09E-42,IFE spinous 2,GSTA4
TRIM16,2.13E-45,0.358010027,0.735,0.364,4.25E-42,IFE spinous 2,TRIM16
GMDS,7.13E-44,0.369665066,0.787,0.423,1.43E-40,IFE spinous 2,GMDS
SDR16C51,8.27E-44,0.344188506,0.831,0.431,1.65E-40,IFE spinous 2,SDR16C5
HEBP21,9.51E-43,0.343775763,0.936,0.672,1.90E-39,IFE spinous 2,HEBP2
EPHX3,5.84E-42,0.422187758,0.688,0.285,1.17E-38,IFE spinous 2,EPHX3
CARD18,2.84E-41,0.564204896,0.843,0.463,5.67E-38,IFE spinous 2,CARD18
ZG16B,1.18E-40,0.314565799,0.741,0.366,2.37E-37,IFE spinous 2,ZG16B
NAGK1,1.95E-39,0.308236198,0.837,0.519,3.89E-36,IFE spinous 2,NAGK
GJB5,2.54E-39,0.339664346,0.764,0.431,5.09E-36,IFE spinous 2,GJB5
PPIF,1.08E-38,0.283230569,0.787,0.481,2.15E-35,IFE spinous 2,PPIF
GATM1,4.62E-38,0.339063202,0.851,0.517,9.25E-35,IFE spinous 2,GATM
CREG11,1.88E-37,0.394660233,0.936,0.687,3.76E-34,IFE spinous 2,CREG1
ALDH3B2,3.95E-37,0.280185541,0.755,0.418,7.90E-34,IFE spinous 2,ALDH3B2
VSNL11,2.08E-36,0.264131755,0.915,0.6,4.16E-33,IFE spinous 2,VSNL1
CTSB1,6.75E-35,0.300046854,0.95,0.689,1.35E-31,IFE spinous 2,CTSB
C16orf74,8.80E-34,0.33683774,0.697,0.386,1.76E-30,IFE spinous 2,C16orf74
CSTA1,1.76E-33,0.377336025,0.892,0.588,3.53E-30,IFE spinous 2,CSTA
S100A72,3.07E-31,0.95351942,0.869,0.638,6.13E-28,IFE spinous 2,S100A7
SDCBP2,5.93E-31,0.345845432,0.644,0.3,1.19E-27,IFE spinous 2,SDCBP2
ACAA21,1.16E-30,0.296227486,0.781,0.514,2.32E-27,IFE spinous 2,ACAA2
CHI3L1,2.23E-30,0.507060742,0.854,0.466,4.46E-27,IFE spinous 2,CHI3L1
TUBA4A3,8.27E-30,0.273210613,0.904,0.641,1.65E-26,IFE spinous 2,TUBA4A
CRABP21,1.68E-29,0.563400457,0.808,0.537,3.35E-26,IFE spinous 2,CRABP2
IFFO2,2.15E-29,0.307951058,0.703,0.395,4.29E-26,IFE spinous 2,IFFO2
FAM83A,2.39E-29,0.27070193,0.647,0.326,4.77E-26,IFE spinous 2,FAM83A
TP53AIP12,1.82E-28,0.253144942,0.805,0.462,3.64E-25,IFE spinous 2,TP53AIP1
GGT6,1.62E-27,0.273453663,0.627,0.356,3.23E-24,IFE spinous 2,GGT6
PHLDA21,3.96E-27,0.339354582,0.816,0.517,7.91E-24,IFE spinous 2,PHLDA2
DSC21,5.20E-27,0.290731767,0.743,0.423,1.04E-23,IFE spinous 2,DSC2
IGFL2,8.85E-25,1.0085922,0.496,0.218,1.77E-21,IFE spinous 2,IGFL2
C5orf46,1.23E-24,0.257141992,0.606,0.308,2.47E-21,IFE spinous 2,C5orf46
NDUFA4L21,3.57E-24,0.761918488,0.781,0.562,7.14E-21,IFE spinous 2,NDUFA4L2
RND31,5.61E-24,0.27202702,0.813,0.565,1.12E-20,IFE spinous 2,RND3
NDRG11,2.01E-23,0.33775357,0.872,0.611,4.02E-20,IFE spinous 2,NDRG1
BBOX1,5.18E-22,0.262118641,0.586,0.347,1.04E-18,IFE spinous 2,BBOX1
NCOA72,8.62E-22,0.320455828,0.77,0.512,1.72E-18,IFE spinous 2,NCOA7
SPRR1B,7.26E-20,0.887703558,0.545,0.337,1.45E-16,IFE spinous 2,SPRR1B
CLDN4,9.27E-20,0.299291457,0.566,0.316,1.85E-16,IFE spinous 2,CLDN4
SCEL,6.15E-19,0.309744084,0.528,0.255,1.23E-15,IFE spinous 2,SCEL
KLK11,8.36E-18,0.295748828,0.484,0.284,1.67E-14,IFE spinous 2,KLK11
KRT171,3.70E-17,0.349604958,0.571,0.293,7.40E-14,IFE spinous 2,KRT17
KRT142,1.45E-16,0.409986286,0.997,0.954,2.91E-13,IFE spinous 2,KRT14
CALML5,5.69E-14,0.480454007,0.761,0.568,1.14E-10,IFE spinous 2,CALML5
CST61,1.32E-07,0.428943752,0.659,0.506,0.000263409,IFE spinous 2,CST6
SAA1,2.87E-86,1.512057199,0.877,0.269,5.75E-83,IFE basal 2,SAA1
CHI3L11,1.48E-80,1.49879736,0.925,0.464,2.95E-77,IFE basal 2,CHI3L1
LY6E1,1.88E-68,0.62448944,0.961,0.662,3.75E-65,IFE basal 2,LY6E
MT-ND12,6.52E-66,0.27809684,1,0.942,1.30E-62,IFE basal 2,MT-ND1
CYP27A11,8.79E-64,0.692965788,0.899,0.483,1.76E-60,IFE basal 2,CYP27A1
C9orf161,2.08E-61,0.611635978,0.968,0.789,4.16E-58,IFE basal 2,C9orf16
MGST11,3.46E-59,0.762059057,0.916,0.531,6.91E-56,IFE basal 2,MGST1
PTN1,3.99E-59,0.89129219,0.844,0.454,7.98E-56,IFE basal 2,PTN
CTSB2,4.92E-59,0.750042292,0.945,0.691,9.84E-56,IFE basal 2,CTSB
CHCHD103,5.08E-57,0.442877859,0.925,0.599,1.02E-53,IFE basal 2,CHCHD10
KLK5,1.87E-48,0.637122844,0.731,0.294,3.75E-45,IFE basal 2,KLK5
TP53AIP13,5.00E-47,0.500065747,0.857,0.461,9.99E-44,IFE basal 2,TP53AIP1
IMPA23,5.10E-45,0.27121689,0.958,0.668,1.02E-41,IFE basal 2,IMPA2
S100A93,1.06E-40,0.596308628,0.948,0.747,2.13E-37,IFE basal 2,S100A9
SOD2,7.60E-40,0.612343614,0.922,0.689,1.52E-36,IFE basal 2,SOD2
TKT1,6.07E-38,0.454291679,0.925,0.718,1.21E-34,IFE basal 2,TKT
NPM3,7.56E-38,0.343876561,0.867,0.625,1.51E-34,IFE basal 2,NPM3
NCOA73,1.50E-37,0.518236196,0.792,0.513,3.01E-34,IFE basal 2,NCOA7
TPM12,4.49E-37,0.359321942,0.896,0.615,8.98E-34,IFE basal 2,TPM1
COL17A12,5.40E-36,0.368772902,0.873,0.557,1.08E-32,IFE basal 2,COL17A1
TMEM98,1.30E-33,0.418265007,0.776,0.475,2.60E-30,IFE basal 2,TMEM98
C19orf481,2.86E-32,0.301732477,0.818,0.557,5.72E-29,IFE basal 2,C19orf48
ASS1,4.77E-32,0.346123973,0.659,0.361,9.54E-29,IFE basal 2,ASS1
CDH132,1.66E-30,0.30610599,0.763,0.483,3.33E-27,IFE basal 2,CDH13
PDZK1IP12,2.08E-28,0.362451551,0.75,0.414,4.17E-25,IFE basal 2,PDZK1IP1
AVPI11,2.89E-24,0.294400151,0.763,0.533,5.79E-21,IFE basal 2,AVPI1
EHBP1,8.40E-23,0.274909585,0.597,0.401,1.68E-19,IFE basal 2,EHBP1
CCL22,1.90E-22,0.954140168,0.659,0.435,3.79E-19,IFE basal 2,CCL2
CHI3L21,3.68E-22,0.417095958,0.532,0.301,7.35E-19,IFE basal 2,CHI3L2
THBS2,1.18E-21,0.317984396,0.695,0.431,2.35E-18,IFE basal 2,THBS2
NOB1,5.22E-21,0.257026035,0.753,0.578,1.04E-17,IFE basal 2,NOB1
CTGF,1.26E-19,0.488391114,0.601,0.402,2.51E-16,IFE basal 2,CTGF
PDPN1,1.30E-18,0.259591965,0.656,0.403,2.60E-15,IFE basal 2,PDPN
APMAP,1.42E-17,0.318430393,0.718,0.58,2.85E-14,IFE basal 2,APMAP
EGLN3,3.73E-16,0.27320404,0.539,0.366,7.46E-13,IFE basal 2,EGLN3
TIMP11,5.60E-06,0.330283107,0.526,0.46,0.011208299,IFE basal 2,TIMP1
VIM,1.25421528590675e-318,2.679845015,1,0.529,2.50843057181351e-315,melanocytes,VIM
FTH11,1.32E-294,1.010628352,1,0.976,2.64E-291,melanocytes,FTH1
MLANA,5.56E-223,3.568401196,1,0.237,1.11E-219,melanocytes,MLANA
FTL2,5.44E-209,1.29036297,1,0.924,1.09E-205,melanocytes,FTL
LGALS11,3.37E-174,0.780899655,1,0.803,6.74E-171,melanocytes,LGALS1
DCT,4.01E-137,3.460355362,0.967,0.33,8.01E-134,melanocytes,DCT
PMEL,2.49E-131,3.52056397,0.952,0.248,4.99E-128,melanocytes,PMEL
GPM6B,2.07E-121,2.36652358,0.938,0.31,4.15E-118,melanocytes,GPM6B
MITF1,8.97E-116,2.638363017,0.967,0.43,1.79E-112,melanocytes,MITF
NSG11,7.80E-105,1.906127174,0.93,0.522,1.56E-101,melanocytes,NSG1
TYRP1,9.20E-103,3.371884573,0.915,0.274,1.84E-99,melanocytes,TYRP1
SDCBP,3.30E-100,1.829760224,0.923,0.565,6.60E-97,melanocytes,SDCBP
SAT1,3.68E-97,1.798945323,0.93,0.571,7.36E-94,melanocytes,SAT1
GPNMB1,4.86E-82,1.161048882,0.952,0.786,9.71E-79,melanocytes,GPNMB
QPCT,3.05E-78,2.131526904,0.835,0.409,6.10E-75,melanocytes,QPCT
LGALS3,3.82E-78,0.966844377,0.985,0.904,7.65E-75,melanocytes,LGALS3
PMP22,5.54E-74,1.672125908,0.82,0.338,1.11E-70,melanocytes,PMP22
CDC42EP3,1.59E-73,1.551974551,0.857,0.463,3.18E-70,melanocytes,CDC42EP3
APOD,4.09E-71,1.824416644,0.794,0.227,8.18E-68,melanocytes,APOD
FRZB1,4.64E-71,1.50001349,0.849,0.485,9.29E-68,melanocytes,FRZB
ST3GAL4,3.26E-70,1.464315261,0.801,0.329,6.52E-67,melanocytes,ST3GAL4
SNCA,2.27E-67,1.446625626,0.757,0.238,4.54E-64,melanocytes,SNCA
EMP31,2.36E-66,1.521018563,0.871,0.575,4.72E-63,melanocytes,EMP3
AP1S2,2.05E-64,1.318722036,0.794,0.413,4.10E-61,melanocytes,AP1S2
ASAH1,1.14E-61,1.242522662,0.835,0.57,2.27E-58,melanocytes,ASAH1
CTSF1,2.44E-59,1.204281105,0.82,0.529,4.88E-56,melanocytes,CTSF
PHLDA11,3.78E-59,1.164146908,0.835,0.525,7.56E-56,melanocytes,PHLDA1
PDLIM3,1.40E-58,1.449861875,0.735,0.277,2.80E-55,melanocytes,PDLIM3
B2M2,7.68E-57,0.490341024,1,0.962,1.54E-53,melanocytes,B2M
MT-ND13,4.73E-56,0.428204535,0.996,0.943,9.47E-53,melanocytes,MT-ND1
TRPM1,2.32E-53,1.425719441,0.684,0.173,4.65E-50,melanocytes,TRPM1
C4orf48,2.32E-51,1.283229622,0.647,0.19,4.65E-48,melanocytes,C4orf48
IGFBP71,9.41E-50,1.044273168,0.853,0.541,1.88E-46,melanocytes,IGFBP7
PSAP,3.26E-49,0.932540279,0.915,0.873,6.53E-46,melanocytes,PSAP
TUBA1A2,3.73E-49,0.904620401,0.93,0.846,7.46E-46,melanocytes,TUBA1A
TSC22D12,1.78E-46,1.165557612,0.875,0.723,3.56E-43,melanocytes,TSC22D1
TYR,3.05E-45,1.304821446,0.603,0.099,6.11E-42,melanocytes,TYR
KLF61,5.44E-44,0.88905872,0.941,0.82,1.09E-40,melanocytes,KLF6
NPC21,6.08E-44,0.745087771,0.912,0.861,1.22E-40,melanocytes,NPC2
EMP11,3.74E-43,1.30647397,0.801,0.67,7.48E-40,melanocytes,EMP1
CYSTM1,1.05E-42,0.861742358,0.824,0.627,2.11E-39,melanocytes,CYSTM1
GNG11,4.69E-42,0.953174758,0.654,0.34,9.37E-39,melanocytes,GNG11
IFITM2,5.75E-42,0.982959552,0.695,0.317,1.15E-38,melanocytes,IFITM2
SLC25A41,3.30E-40,1.062425435,0.717,0.519,6.61E-37,melanocytes,SLC25A4
BAMBI,1.28E-39,1.103330922,0.68,0.342,2.56E-36,melanocytes,BAMBI
NEAT12,1.28E-39,0.877437092,0.893,0.757,2.56E-36,melanocytes,NEAT1
TPPP31,7.48E-38,1.413414972,0.695,0.466,1.50E-34,melanocytes,TPPP3
UBL3,9.92E-38,0.886296501,0.654,0.413,1.98E-34,melanocytes,UBL3
SNHG7,1.97E-37,0.772640402,0.897,0.839,3.95E-34,melanocytes,SNHG7
BSG,2.95E-37,0.806789053,0.886,0.849,5.90E-34,melanocytes,BSG
CTSD,2.32E-36,0.812318414,0.868,0.805,4.64E-33,melanocytes,CTSD
VAMP5,2.63E-36,1.117895983,0.577,0.298,5.27E-33,melanocytes,VAMP5
MYO10,7.57E-36,0.86053224,0.699,0.506,1.51E-32,melanocytes,MYO10
S100A12,7.36E-34,1.209967606,0.588,0.229,1.47E-30,melanocytes,S100A1
RAB32,9.24E-34,1.020571698,0.636,0.416,1.85E-30,melanocytes,RAB32
SLC3A21,4.70E-33,0.686786833,0.89,0.849,9.41E-30,melanocytes,SLC3A2
LRPAP1,3.37E-32,0.824762192,0.772,0.678,6.75E-29,melanocytes,LRPAP1
LYST,3.48E-32,0.810570033,0.585,0.347,6.95E-29,melanocytes,LYST
GSTO1,7.81E-29,0.769302286,0.743,0.694,1.56E-25,melanocytes,GSTO1
PTTG1IP,8.75E-29,0.776369388,0.695,0.581,1.75E-25,melanocytes,PTTG1IP
NR4A2,1.72E-28,0.782985419,0.625,0.454,3.43E-25,melanocytes,NR4A2
CAV11,1.05E-27,0.469081958,0.871,0.724,2.09E-24,melanocytes,CAV1
PHACTR1,2.81E-27,1.079134114,0.518,0.232,5.61E-24,melanocytes,PHACTR1
TSC22D3,1.91E-26,0.677867659,0.596,0.376,3.83E-23,melanocytes,TSC22D3
CST3,7.80E-26,0.519160769,0.768,0.736,1.56E-22,melanocytes,CST3
DHRS71,1.80E-25,0.632121178,0.691,0.555,3.60E-22,melanocytes,DHRS7
HLA-E,1.96E-25,0.520954123,0.89,0.871,3.92E-22,melanocytes,HLA-E
TFAP2B,3.97E-25,0.885104127,0.548,0.386,7.94E-22,melanocytes,TFAP2B
H2AFJ,1.01E-24,0.784594883,0.632,0.544,2.01E-21,melanocytes,H2AFJ
DNAJB91,1.61E-24,0.688670927,0.632,0.51,3.21E-21,melanocytes,DNAJB9
MIA,1.70E-24,0.648870821,0.438,0.077,3.40E-21,melanocytes,MIA
FOSB1,2.62E-24,0.486485322,0.945,0.901,5.25E-21,melanocytes,FOSB
NR4A11,5.50E-24,0.787219848,0.695,0.611,1.10E-20,melanocytes,NR4A1
SERPINB6,5.66E-24,0.709294738,0.467,0.312,1.13E-20,melanocytes,SERPINB6
TIMP12,1.36E-23,0.513462876,0.621,0.456,2.71E-20,melanocytes,TIMP1
FBXO32,1.98E-23,0.753939677,0.625,0.489,3.96E-20,melanocytes,FBXO32
HERPUD1,2.17E-23,0.743006645,0.805,0.774,4.35E-20,melanocytes,HERPUD1
H2AFZ1,2.30E-23,0.46974409,0.86,0.808,4.60E-20,melanocytes,H2AFZ
MARCKSL11,2.69E-23,0.671119307,0.765,0.689,5.39E-20,melanocytes,MARCKSL1
NAP1L11,7.87E-23,0.412020645,0.949,0.901,1.57E-19,melanocytes,NAP1L1
MAFF1,1.77E-22,0.770515168,0.71,0.626,3.54E-19,melanocytes,MAFF
SPTBN1,3.07E-22,0.599706837,0.581,0.493,6.13E-19,melanocytes,SPTBN1
PLEKHA5,7.21E-22,0.63327278,0.529,0.394,1.44E-18,melanocytes,PLEKHA5
ODF2L,8.43E-22,0.683958556,0.562,0.445,1.69E-18,melanocytes,ODF2L
GSN1,2.68E-21,0.466524665,0.864,0.844,5.36E-18,melanocytes,GSN
MGP,3.51E-21,1.310131877,0.529,0.339,7.03E-18,melanocytes,MGP
TMEM147,4.74E-21,0.566331588,0.754,0.728,9.49E-18,melanocytes,TMEM147
IFITM32,3.64E-20,0.642583432,0.772,0.709,7.28E-17,melanocytes,IFITM3
DNAJC1,6.45E-20,0.627783556,0.559,0.479,1.29E-16,melanocytes,DNAJC1
ITGB11,7.37E-20,0.5822514,0.669,0.63,1.47E-16,melanocytes,ITGB1
FBXO7,2.64E-19,0.647959597,0.596,0.551,5.28E-16,melanocytes,FBXO7
MT1F,7.86E-19,0.62607754,0.382,0.216,1.57E-15,melanocytes,MT1F
IFI6,8.80E-19,0.759784362,0.43,0.237,1.76E-15,melanocytes,IFI6
MT2A1,1.01E-18,0.458590398,0.71,0.641,2.02E-15,melanocytes,MT2A
RAC1,1.18E-18,0.418403508,0.89,0.841,2.36E-15,melanocytes,RAC1
FDFT1,1.59E-18,0.58696406,0.68,0.609,3.19E-15,melanocytes,FDFT1
CALM2,2.94E-18,0.362771222,0.923,0.884,5.87E-15,melanocytes,CALM2
HNMT,3.66E-18,0.481612783,0.456,0.323,7.31E-15,melanocytes,HNMT
ITPR2,3.75E-18,0.51125307,0.474,0.384,7.50E-15,melanocytes,ITPR2
ZFAND5,5.59E-18,0.601198188,0.699,0.682,1.12E-14,melanocytes,ZFAND5
PKIG,8.91E-18,0.531983182,0.445,0.362,1.78E-14,melanocytes,PKIG
SEC22C,1.66E-17,0.547319117,0.526,0.443,3.33E-14,melanocytes,SEC22C
C1orf122,1.98E-17,0.580943631,0.533,0.468,3.96E-14,melanocytes,C1orf122
GPX3,4.76E-17,0.846957224,0.335,0.192,9.53E-14,melanocytes,GPX3
WIPI1,4.85E-17,0.51099212,0.371,0.289,9.69E-14,melanocytes,WIPI1
SLC7A8,6.77E-17,0.45633955,0.404,0.233,1.35E-13,melanocytes,SLC7A8
VEPH1,9.96E-17,0.432069833,0.364,0.115,1.99E-13,melanocytes,VEPH1
RHOC,2.42E-16,0.638450165,0.699,0.719,4.83E-13,melanocytes,RHOC
SGK11,9.34E-16,0.762248056,0.713,0.721,1.87E-12,melanocytes,SGK1
VKORC1,1.50E-15,0.527670123,0.618,0.618,3.00E-12,melanocytes,VKORC1
RNH1,1.71E-15,0.488226176,0.824,0.821,3.41E-12,melanocytes,RNH1
PON2,2.99E-15,0.518576024,0.551,0.503,5.98E-12,melanocytes,PON2
UBE2E1,3.15E-15,0.493332037,0.57,0.568,6.31E-12,melanocytes,UBE2E1
SPARC,3.34E-15,0.53069099,0.585,0.524,6.67E-12,melanocytes,SPARC
RAMP1,1.79E-14,0.503274655,0.408,0.35,3.57E-11,melanocytes,RAMP1
ANKRD371,2.83E-14,0.517600911,0.493,0.463,5.65E-11,melanocytes,ANKRD37
CRYAB2,3.61E-14,0.655541339,0.662,0.631,7.22E-11,melanocytes,CRYAB
UBBP4,4.11E-14,0.526714964,0.562,0.492,8.22E-11,melanocytes,UBBP4
ID21,1.54E-13,0.493418828,0.732,0.708,3.08E-10,melanocytes,ID2
HES41,1.76E-13,0.469804517,0.415,0.33,3.51E-10,melanocytes,HES4
STMN11,2.22E-13,0.43198679,0.71,0.676,4.44E-10,melanocytes,STMN1
SYNGR11,2.34E-13,0.521656984,0.581,0.603,4.68E-10,melanocytes,SYNGR1
SEC11C,2.56E-13,0.43071333,0.551,0.518,5.12E-10,melanocytes,SEC11C
PNRC11,2.85E-13,0.360562979,0.912,0.907,5.70E-10,melanocytes,PNRC1
KLF42,3.21E-13,0.631604829,0.864,0.862,6.42E-10,melanocytes,KLF4
TNFAIP3,4.09E-13,0.521733532,0.559,0.524,8.18E-10,melanocytes,TNFAIP3
SCCPDH,5.73E-13,0.437259283,0.423,0.345,1.15E-09,melanocytes,SCCPDH
HSPA51,1.02E-12,0.522441171,0.846,0.854,2.05E-09,melanocytes,HSPA5
EPS8,1.30E-12,0.31869519,0.419,0.352,2.59E-09,melanocytes,EPS8
FUCA2,1.52E-12,0.349798666,0.39,0.296,3.04E-09,melanocytes,FUCA2
MLF1,1.58E-12,0.46138364,0.478,0.448,3.15E-09,melanocytes,MLF1
PACSIN2,1.62E-12,0.418628788,0.471,0.446,3.25E-09,melanocytes,PACSIN2
DDIT4,2.46E-12,0.499823028,0.662,0.654,4.92E-09,melanocytes,DDIT4
AAED1,8.42E-12,0.376520218,0.382,0.324,1.68E-08,melanocytes,AAED1
MT1E,1.17E-11,0.397429346,0.467,0.405,2.33E-08,melanocytes,MT1E
CYBA1,1.38E-11,0.342510122,0.695,0.713,2.76E-08,melanocytes,CYBA
SOX41,1.53E-11,0.458867094,0.603,0.582,3.06E-08,melanocytes,SOX4
RGS10,1.83E-11,0.379802709,0.452,0.423,3.67E-08,melanocytes,RGS10
KLF9,3.84E-11,0.350044542,0.346,0.294,7.68E-08,melanocytes,KLF9
ARHGDIB,4.00E-11,0.31145555,0.445,0.341,8.00E-08,melanocytes,ARHGDIB
CHMP1B,4.37E-11,0.449459629,0.688,0.709,8.73E-08,melanocytes,CHMP1B
ARL6IP1,7.16E-11,0.422082867,0.629,0.651,1.43E-07,melanocytes,ARL6IP1
TSPAN3,7.89E-11,0.371371116,0.463,0.436,1.58E-07,melanocytes,TSPAN3
SLC39A1,8.29E-11,0.44372848,0.585,0.615,1.66E-07,melanocytes,SLC39A1
PKIB,1.08E-10,0.366737478,0.331,0.228,2.16E-07,melanocytes,PKIB
GMFG,1.16E-10,0.294832388,0.375,0.184,2.33E-07,melanocytes,GMFG
GOLM1,1.39E-10,0.339809851,0.353,0.285,2.77E-07,melanocytes,GOLM1
LITAF1,1.85E-10,0.356059312,0.64,0.675,3.71E-07,melanocytes,LITAF
MSRB2,2.04E-10,0.409286247,0.449,0.453,4.08E-07,melanocytes,MSRB2
LDHB1,2.07E-10,0.324865945,0.732,0.757,4.14E-07,melanocytes,LDHB
CTSH,3.18E-10,0.286772859,0.397,0.347,6.36E-07,melanocytes,CTSH
IRF11,4.14E-10,0.629263727,0.673,0.734,8.29E-07,melanocytes,IRF1
PHB,7.59E-10,0.387324586,0.695,0.725,1.52E-06,melanocytes,PHB
CXCL2,7.64E-10,0.677916032,0.415,0.397,1.53E-06,melanocytes,CXCL2
SECISBP2L,1.24E-09,0.310575198,0.368,0.367,2.49E-06,melanocytes,SECISBP2L
FCGRT1,1.31E-09,0.378822945,0.574,0.638,2.63E-06,melanocytes,FCGRT
TMEM219,1.48E-09,0.40722138,0.68,0.745,2.95E-06,melanocytes,TMEM219
RASGEF1B,1.52E-09,0.337127835,0.426,0.391,3.04E-06,melanocytes,RASGEF1B
FARP2,1.66E-09,0.25326722,0.316,0.291,3.31E-06,melanocytes,FARP2
BIRC3,1.83E-09,0.393846642,0.375,0.316,3.66E-06,melanocytes,BIRC3
CCDC50,1.85E-09,0.312293644,0.441,0.442,3.69E-06,melanocytes,CCDC50
MSRA,1.90E-09,0.275086013,0.386,0.378,3.80E-06,melanocytes,MSRA
NRP2,2.10E-09,0.387169685,0.331,0.315,4.20E-06,melanocytes,NRP2
SEMA3C,2.67E-09,0.308612353,0.331,0.304,5.34E-06,melanocytes,SEMA3C
NDUFAF3,3.01E-09,0.361747885,0.603,0.642,6.03E-06,melanocytes,NDUFAF3
SOCS31,3.41E-09,0.71128552,0.699,0.729,6.82E-06,melanocytes,SOCS3
SLC39A6,3.97E-09,0.394343615,0.544,0.568,7.94E-06,melanocytes,SLC39A6
PDLIM4,4.22E-09,0.472885451,0.485,0.557,8.44E-06,melanocytes,PDLIM4
CTSL,5.14E-09,0.368366223,0.379,0.421,1.03E-05,melanocytes,CTSL
DERA,7.85E-09,0.354686867,0.478,0.537,1.57E-05,melanocytes,DERA
3-Mar,1.01E-08,0.260426851,0.316,0.248,2.03E-05,melanocytes,3-Mar
ATOX11,1.04E-08,0.341512506,0.577,0.604,2.08E-05,melanocytes,ATOX1
PEMT,1.10E-08,0.282173006,0.452,0.491,2.20E-05,melanocytes,PEMT
NDRG21,1.13E-08,0.487563792,0.588,0.634,2.26E-05,melanocytes,NDRG2
PDE4DIP,1.64E-08,0.26343345,0.357,0.256,3.29E-05,melanocytes,PDE4DIP
RHEB,2.85E-08,0.329079646,0.676,0.719,5.71E-05,melanocytes,RHEB
M6PR,3.18E-08,0.368177415,0.423,0.516,6.36E-05,melanocytes,M6PR
GNAS,5.82E-08,0.43632748,0.64,0.706,0.000116425,melanocytes,GNAS
SEC621,6.36E-08,0.342402529,0.673,0.722,0.000127151,melanocytes,SEC62
TJP2,7.18E-08,0.259352313,0.346,0.328,0.00014351,melanocytes,TJP2
NARF,9.97E-08,0.319607386,0.368,0.442,0.000199423,melanocytes,NARF
PRSS23,1.40E-07,0.380705769,0.335,0.336,0.000279599,melanocytes,PRSS23
IFI27L2,1.61E-07,0.33462999,0.577,0.618,0.000322465,melanocytes,IFI27L2
PLA2G16,1.70E-07,0.296379726,0.265,0.266,0.000340064,melanocytes,PLA2G16
CAP11,1.84E-07,0.313308123,0.669,0.703,0.000368656,melanocytes,CAP1
PUF60,2.07E-07,0.351033629,0.665,0.744,0.000414661,melanocytes,PUF60
SMC6,2.43E-07,0.325768826,0.401,0.448,0.000486705,melanocytes,SMC6
HEBP1,6.16E-07,0.311181837,0.438,0.512,0.001232328,melanocytes,HEBP1
TGOLN2,8.59E-07,0.297468389,0.408,0.415,0.001718799,melanocytes,TGOLN2
CYP27A12,9.56E-07,0.275705135,0.504,0.507,0.001912612,melanocytes,CYP27A1
NT5C3B,1.38E-06,0.282827994,0.482,0.533,0.002764153,melanocytes,NT5C3B
AP2M1,1.61E-06,0.293043269,0.732,0.828,0.003210095,melanocytes,AP2M1
PYCARD,2.36E-06,0.470459612,0.643,0.717,0.004727876,melanocytes,PYCARD
C12orf10,2.61E-06,0.30390897,0.482,0.52,0.005224189,melanocytes,C12orf10
NSMCE1,3.90E-06,0.303389058,0.478,0.548,0.007797774,melanocytes,NSMCE1
CNIH1,4.55E-06,0.303116129,0.493,0.535,0.009097686,melanocytes,CNIH1
PIGT,4.73E-06,0.319777697,0.482,0.599,0.009463048,melanocytes,PIGT
FAM46A,5.25E-06,0.33137973,0.408,0.452,0.010502636,melanocytes,FAM46A
CTSB3,6.34E-06,0.269474682,0.658,0.708,0.012688283,melanocytes,CTSB
PPP1R10,9.96E-06,0.312899301,0.474,0.584,0.01992776,melanocytes,PPP1R10
DNAJC3,1.38E-05,0.322261465,0.408,0.476,0.027689084,melanocytes,DNAJC3
BPTF,1.73E-05,0.309774092,0.434,0.512,0.034508614,melanocytes,BPTF
PARP1,2.15E-05,0.286988084,0.471,0.537,0.043001479,melanocytes,PARP1
GADD45B2,2.33E-05,0.256283533,0.886,0.901,0.046547462,melanocytes,GADD45B
BHLHE40,2.93E-05,0.32708126,0.438,0.479,0.058531794,melanocytes,BHLHE40
GNB2,4.23E-05,0.2553012,0.706,0.794,0.084540083,melanocytes,GNB2
RBM23,6.26E-05,0.301876776,0.357,0.45,0.125106011,melanocytes,RBM23
CLPTM1,0.000119046,0.273820333,0.46,0.545,0.238091694,melanocytes,CLPTM1
CCNG1,0.000122853,0.270723901,0.482,0.565,0.245706585,melanocytes,CCNG1
FAM133B1,0.000217615,0.267526476,0.592,0.691,0.435229651,melanocytes,FAM133B
IAH11,0.000252562,0.294449367,0.493,0.594,0.505123524,melanocytes,IAH1
KHDRBS1,0.000310099,0.252209434,0.676,0.756,0.620197349,melanocytes,KHDRBS1
BAG6,0.000639184,0.288748805,0.368,0.499,1,melanocytes,BAG6
DTD1,0.001161338,0.250380414,0.353,0.516,1,melanocytes,DTD1
IFI27,0.001713057,0.296259086,0.235,0.213,1,melanocytes,IFI27
AKAP91,0.007510839,0.264257303,0.592,0.756,1,melanocytes,AKAP9
ALDH22,2.54E-123,1.294563793,0.992,0.664,5.07E-120,matrix/cortex/medulla,ALDH2
ID3,1.17E-116,1.593321342,0.992,0.635,2.34E-113,matrix/cortex/medulla,ID3
KRT851,3.78E-107,4.025368648,0.98,0.395,7.56E-104,matrix/cortex/medulla,KRT85
LDHB2,8.39E-101,1.025722132,0.992,0.744,1.68E-97,matrix/cortex/medulla,LDHB
NME11,9.39E-86,0.749669438,0.984,0.709,1.88E-82,matrix/cortex/medulla,NME1
KRT351,8.12E-82,3.616003076,0.888,0.357,1.62E-78,matrix/cortex/medulla,KRT35
DBI1,6.86E-80,1.081263905,0.996,0.789,1.37E-76,matrix/cortex/medulla,DBI
ASS11,1.10E-78,0.946293131,0.928,0.351,2.19E-75,matrix/cortex/medulla,ASS1
GJA12,2.13E-78,0.66391242,0.992,0.743,4.26E-75,matrix/cortex/medulla,GJA1
ODC1,1.31E-71,0.922840361,0.94,0.447,2.63E-68,matrix/cortex/medulla,ODC1
MT4,1.65E-71,2.471103798,0.908,0.173,3.29E-68,matrix/cortex/medulla,MT4
ID1,3.85E-69,1.088410259,0.972,0.736,7.70E-66,matrix/cortex/medulla,ID1
EIF3A,1.82E-68,0.557591451,0.98,0.727,3.64E-65,matrix/cortex/medulla,EIF3A
HOXC13,1.92E-67,1.026388097,0.867,0.312,3.85E-64,matrix/cortex/medulla,HOXC13
CTSB4,1.08E-56,0.759134327,0.972,0.693,2.15E-53,matrix/cortex/medulla,CTSB
HSD17B101,1.08E-55,0.792526897,0.96,0.7,2.16E-52,matrix/cortex/medulla,HSD17B10
PHLDA3,1.37E-54,0.638660505,0.92,0.583,2.74E-51,matrix/cortex/medulla,PHLDA3
GPNMB2,1.95E-53,1.418232323,0.972,0.786,3.91E-50,matrix/cortex/medulla,GPNMB
DLX3,2.89E-53,0.61873555,0.851,0.258,5.77E-50,matrix/cortex/medulla,DLX3
METAP2,8.59E-52,0.853279534,0.944,0.627,1.72E-48,matrix/cortex/medulla,METAP2
BAMBI1,1.22E-50,0.872668503,0.888,0.333,2.45E-47,matrix/cortex/medulla,BAMBI
IDH2,3.26E-50,0.53268628,0.916,0.53,6.53E-47,matrix/cortex/medulla,IDH2
CYSTM11,1.34E-49,1.008315552,0.888,0.625,2.68E-46,matrix/cortex/medulla,CYSTM1
MSX2,4.83E-49,0.561740207,0.819,0.259,9.67E-46,matrix/cortex/medulla,MSX2
SELENBP1,1.35E-48,1.917654405,0.815,0.329,2.70E-45,matrix/cortex/medulla,SELENBP1
IFT57,2.07E-48,0.678503262,0.908,0.471,4.14E-45,matrix/cortex/medulla,IFT57
MAD1L1,3.07E-48,0.593973047,0.839,0.369,6.13E-45,matrix/cortex/medulla,MAD1L1
MARCKSL12,1.86E-47,0.528360733,0.948,0.68,3.72E-44,matrix/cortex/medulla,MARCKSL1
SAT11,4.22E-47,0.592185517,0.956,0.571,8.44E-44,matrix/cortex/medulla,SAT1
PRDX6,4.37E-47,0.981850489,0.988,0.821,8.73E-44,matrix/cortex/medulla,PRDX6
RPL22L11,1.18E-45,0.49849718,0.976,0.778,2.35E-42,matrix/cortex/medulla,RPL22L1
TXNRD1,1.25E-45,0.472566789,0.831,0.385,2.49E-42,matrix/cortex/medulla,TXNRD1
LGMN,7.00E-44,0.809285542,0.839,0.447,1.40E-40,matrix/cortex/medulla,LGMN
RNASET2,2.35E-43,0.615147062,0.904,0.474,4.71E-40,matrix/cortex/medulla,RNASET2
11-Sep,3.36E-42,0.541540817,0.839,0.388,6.71E-39,matrix/cortex/medulla,11-Sep
RNF145,7.50E-42,0.628316154,0.859,0.398,1.50E-38,matrix/cortex/medulla,RNF145
SMAGP,9.90E-42,0.607575901,0.867,0.406,1.98E-38,matrix/cortex/medulla,SMAGP
APCDD1,1.17E-41,0.416335983,0.827,0.441,2.34E-38,matrix/cortex/medulla,APCDD1
RHEB1,2.15E-41,0.369023133,0.952,0.705,4.30E-38,matrix/cortex/medulla,RHEB
CLDN10,3.57E-41,0.698311712,0.775,0.161,7.14E-38,matrix/cortex/medulla,CLDN10
KIF21A,3.70E-41,0.604762288,0.851,0.409,7.40E-38,matrix/cortex/medulla,KIF21A
PTMS,1.42E-40,0.342329519,0.96,0.68,2.85E-37,matrix/cortex/medulla,PTMS
NAPG,3.67E-40,0.433118743,0.819,0.392,7.34E-37,matrix/cortex/medulla,NAPG
LEF1,1.30E-38,0.385455055,0.703,0.235,2.59E-35,matrix/cortex/medulla,LEF1
MYL6B1,1.30E-38,0.348344165,0.928,0.582,2.59E-35,matrix/cortex/medulla,MYL6B
SMS,9.40E-38,0.515520256,0.851,0.447,1.88E-34,matrix/cortex/medulla,SMS
ID22,1.37E-37,0.513169459,0.964,0.697,2.74E-34,matrix/cortex/medulla,ID2
CCDC25,3.69E-37,0.340792271,0.859,0.497,7.38E-34,matrix/cortex/medulla,CCDC25
HES2,4.29E-37,0.496500549,0.723,0.287,8.59E-34,matrix/cortex/medulla,HES2
TPD52,1.21E-36,0.43776671,0.88,0.536,2.42E-33,matrix/cortex/medulla,TPD52
AP2M11,1.24E-36,0.385275604,0.972,0.816,2.48E-33,matrix/cortex/medulla,AP2M1
RGS14,2.32E-36,0.44486216,0.791,0.38,4.63E-33,matrix/cortex/medulla,RGS14
KRT32,3.65E-36,2.037403306,0.751,0.265,7.29E-33,matrix/cortex/medulla,KRT32
OCA2,4.87E-36,0.392927523,0.703,0.257,9.73E-33,matrix/cortex/medulla,OCA2
GSTP12,8.66E-36,0.390707306,0.996,0.939,1.73E-32,matrix/cortex/medulla,GSTP1
TNFRSF191,1.33E-35,0.382522063,0.795,0.364,2.65E-32,matrix/cortex/medulla,TNFRSF19
NRP21,2.54E-35,0.60965825,0.775,0.293,5.07E-32,matrix/cortex/medulla,NRP2
FDFT11,1.09E-34,0.366258841,0.924,0.597,2.18E-31,matrix/cortex/medulla,FDFT1
SQLE,1.27E-34,0.454317875,0.855,0.442,2.54E-31,matrix/cortex/medulla,SQLE
TKT2,1.91E-34,0.374873636,0.96,0.719,3.82E-31,matrix/cortex/medulla,TKT
SNCAIP,2.98E-34,0.391286659,0.679,0.2,5.96E-31,matrix/cortex/medulla,SNCAIP
TESC,4.35E-34,0.968601591,0.667,0.146,8.69E-31,matrix/cortex/medulla,TESC
SCD,1.73E-33,0.425659911,0.703,0.279,3.46E-30,matrix/cortex/medulla,SCD
RNF8,1.87E-33,0.531855464,0.815,0.428,3.74E-30,matrix/cortex/medulla,RNF8
SFN2,2.83E-33,0.70442315,0.988,0.832,5.65E-30,matrix/cortex/medulla,SFN
ADIRF1,3.00E-33,1.076285684,0.863,0.502,5.99E-30,matrix/cortex/medulla,ADIRF
ACAA22,3.33E-33,0.292462939,0.855,0.515,6.66E-30,matrix/cortex/medulla,ACAA2
STK17A1,2.55E-32,0.390638454,0.884,0.52,5.09E-29,matrix/cortex/medulla,STK17A
FAM110A,5.86E-32,0.327926523,0.715,0.299,1.17E-28,matrix/cortex/medulla,FAM110A
TRAP1,7.85E-31,0.313444607,0.88,0.535,1.57E-27,matrix/cortex/medulla,TRAP1
PDCD42,7.88E-31,0.599186273,0.908,0.59,1.58E-27,matrix/cortex/medulla,PDCD4
SAMD8,1.30E-30,0.442306326,0.719,0.349,2.60E-27,matrix/cortex/medulla,SAMD8
MT2A2,1.73E-30,1.240497816,0.9,0.632,3.46E-27,matrix/cortex/medulla,MT2A
DLX1,3.33E-30,0.362978541,0.614,0.11,6.66E-27,matrix/cortex/medulla,DLX1
HMGCS1,5.53E-30,0.516804943,0.863,0.515,1.11E-26,matrix/cortex/medulla,HMGCS1
FDPS,6.06E-30,0.374859084,0.948,0.656,1.21E-26,matrix/cortex/medulla,FDPS
EIF3D,1.51E-29,0.362219718,0.992,0.852,3.01E-26,matrix/cortex/medulla,EIF3D
CDKN2AIPNL,3.58E-29,0.339684753,0.771,0.41,7.16E-26,matrix/cortex/medulla,CDKN2AIPNL
MT1X2,4.11E-29,0.651171805,0.94,0.712,8.22E-26,matrix/cortex/medulla,MT1X
YBX31,5.03E-29,0.287635409,0.96,0.783,1.01E-25,matrix/cortex/medulla,YBX3
ATOX12,1.20E-28,0.447920889,0.896,0.588,2.41E-25,matrix/cortex/medulla,ATOX1
ETFA1,1.55E-28,0.434625328,0.851,0.562,3.11E-25,matrix/cortex/medulla,ETFA
PLBD1,3.51E-28,0.309307367,0.723,0.329,7.02E-25,matrix/cortex/medulla,PLBD1
PPP2R1B,1.26E-27,0.664030803,0.679,0.303,2.51E-24,matrix/cortex/medulla,PPP2R1B
PSORS1C21,3.87E-27,2.013586917,0.651,0.19,7.73E-24,matrix/cortex/medulla,PSORS1C2
MVD,5.46E-27,0.29683788,0.763,0.436,1.09E-23,matrix/cortex/medulla,MVD
MRPL37,9.35E-27,0.28445545,0.855,0.548,1.87E-23,matrix/cortex/medulla,MRPL37
GGCT,1.96E-26,0.584666003,0.936,0.647,3.93E-23,matrix/cortex/medulla,GGCT
CCND21,3.42E-26,0.517687871,0.755,0.438,6.83E-23,matrix/cortex/medulla,CCND2
SLC39A10,6.21E-26,0.507704367,0.731,0.331,1.24E-22,matrix/cortex/medulla,SLC39A10
BNC21,9.24E-26,0.322406932,0.759,0.368,1.85E-22,matrix/cortex/medulla,BNC2
PGP,2.64E-25,0.325130424,0.671,0.314,5.27E-22,matrix/cortex/medulla,PGP
OVOL11,3.02E-25,0.326828409,0.867,0.56,6.03E-22,matrix/cortex/medulla,OVOL1
DCXR,3.97E-25,0.266823509,0.896,0.573,7.94E-22,matrix/cortex/medulla,DCXR
PRDX2,4.59E-25,0.299095959,0.988,0.858,9.17E-22,matrix/cortex/medulla,PRDX2
TPRG1,7.58E-25,0.519772224,0.61,0.22,1.52E-21,matrix/cortex/medulla,TPRG1
ACADVL,1.10E-24,0.628521928,0.932,0.772,2.20E-21,matrix/cortex/medulla,ACADVL
KDM7A,1.96E-24,0.303816987,0.691,0.346,3.93E-21,matrix/cortex/medulla,KDM7A
SLC30A1,1.97E-24,0.317456045,0.683,0.313,3.95E-21,matrix/cortex/medulla,SLC30A1
DYNC1I1,2.29E-24,0.360507946,0.578,0.152,4.58E-21,matrix/cortex/medulla,DYNC1I1
FAM207A,6.99E-24,0.352809865,0.767,0.433,1.40E-20,matrix/cortex/medulla,FAM207A
CD821,1.62E-23,0.392422605,0.9,0.613,3.23E-20,matrix/cortex/medulla,CD82
TACSTD23,3.69E-23,0.292856876,0.96,0.782,7.39E-20,matrix/cortex/medulla,TACSTD2
FAM45A,5.03E-23,0.357901533,0.771,0.455,1.01E-19,matrix/cortex/medulla,FAM45A
PAWR,5.79E-23,0.250717373,0.799,0.472,1.16E-19,matrix/cortex/medulla,PAWR
FAM136A,1.48E-22,0.269439366,0.751,0.394,2.95E-19,matrix/cortex/medulla,FAM136A
PAFAH1B3,4.26E-22,0.281575444,0.855,0.56,8.53E-19,matrix/cortex/medulla,PAFAH1B3
CDKN2B,1.66E-21,0.291232356,0.639,0.319,3.32E-18,matrix/cortex/medulla,CDKN2B
F121,2.53E-21,0.259527609,0.675,0.354,5.06E-18,matrix/cortex/medulla,F12
CTSD1,2.92E-21,0.33741017,0.964,0.801,5.84E-18,matrix/cortex/medulla,CTSD
KRT36,3.39E-21,0.447235566,0.502,0.135,6.77E-18,matrix/cortex/medulla,KRT36
ACAT2,1.06E-20,0.301071789,0.811,0.473,2.12E-17,matrix/cortex/medulla,ACAT2
FAHD1,1.60E-20,0.270580067,0.743,0.391,3.20E-17,matrix/cortex/medulla,FAHD1
CALML32,2.03E-20,0.532985636,0.988,0.813,4.05E-17,matrix/cortex/medulla,CALML3
PLEKHG1,3.42E-20,0.254347701,0.622,0.267,6.83E-17,matrix/cortex/medulla,PLEKHG1
PRKAG2,4.56E-20,0.260474866,0.618,0.264,9.12E-17,matrix/cortex/medulla,PRKAG2
LBR,5.48E-20,0.260934382,0.663,0.355,1.10E-16,matrix/cortex/medulla,LBR
SERPINB13,1.04E-19,0.410211002,0.598,0.196,2.09E-16,matrix/cortex/medulla,SERPINB13
MT1E1,2.46E-19,0.562117044,0.727,0.393,4.92E-16,matrix/cortex/medulla,MT1E
LAD11,2.88E-19,0.364297847,0.831,0.543,5.76E-16,matrix/cortex/medulla,LAD1
ZNF750,4.75E-19,0.295550803,0.699,0.385,9.51E-16,matrix/cortex/medulla,ZNF750
ACOT7,8.27E-19,0.251450157,0.739,0.419,1.65E-15,matrix/cortex/medulla,ACOT7
VCAN,1.63E-18,0.391832844,0.546,0.182,3.27E-15,matrix/cortex/medulla,VCAN
TMEM54,1.91E-18,0.340928758,0.835,0.58,3.82E-15,matrix/cortex/medulla,TMEM54
PARP11,2.07E-18,0.260856439,0.803,0.52,4.14E-15,matrix/cortex/medulla,PARP1
MAPRE3,3.55E-18,0.259217303,0.647,0.355,7.09E-15,matrix/cortex/medulla,MAPRE3
HEBP22,9.35E-18,0.312526368,0.904,0.679,1.87E-14,matrix/cortex/medulla,HEBP2
HAGH,2.12E-17,0.282917948,0.707,0.424,4.23E-14,matrix/cortex/medulla,HAGH
GARS,6.43E-17,0.283480659,0.739,0.436,1.29E-13,matrix/cortex/medulla,GARS
KRTAP11-1,7.13E-17,2.922140243,0.462,0.194,1.43E-13,matrix/cortex/medulla,KRTAP11-1
MIPEP,1.76E-16,0.345930784,0.739,0.431,3.52E-13,matrix/cortex/medulla,MIPEP
LAP3,5.39E-16,1.076800339,0.779,0.542,1.08E-12,matrix/cortex/medulla,LAP3
MED4,5.57E-16,0.272633549,0.851,0.578,1.11E-12,matrix/cortex/medulla,MED4
DNMT1,6.51E-16,0.326259363,0.727,0.439,1.30E-12,matrix/cortex/medulla,DNMT1
DAPL1,7.03E-16,1.942149219,0.847,0.742,1.41E-12,matrix/cortex/medulla,DAPL1
BIN2,2.45E-15,0.35504222,0.462,0.163,4.91E-12,matrix/cortex/medulla,BIN2
SSX2IP,2.89E-15,0.326817097,0.558,0.28,5.79E-12,matrix/cortex/medulla,SSX2IP
CD164,3.39E-15,0.300670059,0.924,0.706,6.78E-12,matrix/cortex/medulla,CD164
SNRPD1,4.44E-15,0.374983204,0.94,0.75,8.88E-12,matrix/cortex/medulla,SNRPD1
H2AFJ1,4.55E-15,0.44398693,0.795,0.536,9.10E-12,matrix/cortex/medulla,H2AFJ
TPM2,5.07E-15,0.283469999,0.582,0.298,1.01E-11,matrix/cortex/medulla,TPM2
DNASE1L2,1.30E-14,1.247352486,0.47,0.213,2.59E-11,matrix/cortex/medulla,DNASE1L2
ATG4B,1.30E-14,0.400451542,0.735,0.467,2.60E-11,matrix/cortex/medulla,ATG4B
ECHDC11,1.46E-14,0.428326477,0.795,0.551,2.92E-11,matrix/cortex/medulla,ECHDC1
MT1G,1.70E-14,0.462642987,0.486,0.163,3.41E-11,matrix/cortex/medulla,MT1G
EPRS,1.94E-14,0.279447106,0.783,0.508,3.88E-11,matrix/cortex/medulla,EPRS
PRSS231,4.97E-14,0.420191445,0.618,0.322,9.95E-11,matrix/cortex/medulla,PRSS23
PRR91,1.75E-13,1.203060676,0.566,0.284,3.50E-10,matrix/cortex/medulla,PRR9
FAM49A,3.62E-13,0.340466498,0.466,0.231,7.23E-10,matrix/cortex/medulla,FAM49A
HEPHL1,3.93E-13,0.387926524,0.329,0.06,7.87E-10,matrix/cortex/medulla,HEPHL1
SDHB,6.19E-13,0.275984425,0.851,0.617,1.24E-09,matrix/cortex/medulla,SDHB
FABP4,6.36E-13,1.698599265,0.45,0.161,1.27E-09,matrix/cortex/medulla,FABP4
KRT31,2.09E-12,3.523628933,0.51,0.296,4.19E-09,matrix/cortex/medulla,KRT31
PPP1R2,3.61E-12,0.288192698,0.787,0.563,7.22E-09,matrix/cortex/medulla,PPP1R2
CLIC31,1.28E-11,0.853464086,0.558,0.331,2.56E-08,matrix/cortex/medulla,CLIC3
ALOX15B,8.56E-11,0.390928644,0.373,0.192,1.71E-07,matrix/cortex/medulla,ALOX15B
UNC5B-AS1,4.83E-10,0.429921197,0.394,0.195,9.66E-07,matrix/cortex/medulla,UNC5B-AS1
MCM7,1.54E-08,0.256052372,0.695,0.493,3.07E-05,matrix/cortex/medulla,MCM7
LY6G6D,2.14E-08,0.474780455,0.297,0.035,4.29E-05,matrix/cortex/medulla,LY6G6D
GGH,6.64E-08,0.280212521,0.614,0.431,0.000132788,matrix/cortex/medulla,GGH
GPRC5D,4.69E-07,0.39560643,0.233,0.034,0.00093847,matrix/cortex/medulla,GPRC5D
S100A3,3.83E-06,2.539756535,0.422,0.272,0.007651317,matrix/cortex/medulla,S100A3
KRT81,0.000209231,0.753724626,0.149,0.107,0.418462783,matrix/cortex/medulla,KRT81
LGALS31,0.003396813,0.835122958,0.92,0.907,1,matrix/cortex/medulla,LGALS3
H2AFZ2,1.15E-125,1.432821016,0.996,0.802,2.31E-122,IFE mitotic,H2AFZ
STMN12,9.60E-123,1.543318715,1,0.662,1.92E-119,IFE mitotic,STMN1
TUBA1B1,3.62E-122,1.511569181,1,0.916,7.25E-119,IFE mitotic,TUBA1B
HMGB1,1.54E-97,1.112511145,1,0.914,3.09E-94,IFE mitotic,HMGB1
TUBB,1.46E-83,1.236175194,0.988,0.832,2.92E-80,IFE mitotic,TUBB
TK1,2.95E-83,1.555102859,0.959,0.281,5.89E-80,IFE mitotic,TK1
HMGB2,2.06E-81,1.683883029,0.983,0.666,4.12E-78,IFE mitotic,HMGB2
SMC2,4.97E-79,0.881086611,0.942,0.381,9.94E-76,IFE mitotic,SMC2
TYMS,8.41E-78,1.109586378,0.938,0.308,1.68E-74,IFE mitotic,TYMS
HMGN2,1.75E-77,1.070918464,1,0.835,3.51E-74,IFE mitotic,HMGN2
CENPW,6.14E-77,0.900518696,0.926,0.305,1.23E-73,IFE mitotic,CENPW
CKS1B,6.96E-74,0.928219023,0.988,0.668,1.39E-70,IFE mitotic,CKS1B
SLC25A52,7.17E-73,0.626628057,1,0.885,1.43E-69,IFE mitotic,SLC25A5
SMC4,7.50E-72,1.054882487,0.95,0.478,1.50E-68,IFE mitotic,SMC4
TPI11,3.48E-66,0.451581478,1,0.911,6.96E-63,IFE mitotic,TPI1
MAD2L1,8.29E-66,0.837080197,0.88,0.266,1.66E-62,IFE mitotic,MAD2L1
DTYMK,2.02E-65,0.713872365,0.942,0.46,4.05E-62,IFE mitotic,DTYMK
ZWINT,1.60E-64,0.811413052,0.868,0.259,3.19E-61,IFE mitotic,ZWINT
C19orf482,1.23E-60,0.5468495,0.955,0.554,2.47E-57,IFE mitotic,C19orf48
MCM71,3.43E-60,0.819857622,0.942,0.482,6.86E-57,IFE mitotic,MCM7
MKI67,5.41E-58,1.119486525,0.826,0.198,1.08E-54,IFE mitotic,MKI67
UBE2T,1.29E-57,0.642652533,0.86,0.32,2.59E-54,IFE mitotic,UBE2T
PRC1,5.38E-57,0.838323131,0.868,0.305,1.08E-53,IFE mitotic,PRC1
DNAJC9,1.17E-56,0.633342613,0.934,0.483,2.33E-53,IFE mitotic,DNAJC9
PCNA,3.82E-56,1.045504164,0.938,0.572,7.64E-53,IFE mitotic,PCNA
BIRC5,5.21E-56,1.096401036,0.843,0.204,1.04E-52,IFE mitotic,BIRC5
DUT,8.65E-56,0.846011504,0.988,0.725,1.73E-52,IFE mitotic,DUT
RPA3,2.46E-55,0.56531196,0.95,0.503,4.92E-52,IFE mitotic,RPA3
GGH1,3.29E-55,0.553334047,0.913,0.417,6.58E-52,IFE mitotic,GGH
H2AFV,1.21E-53,0.798438769,0.95,0.604,2.43E-50,IFE mitotic,H2AFV
NUSAP1,6.14E-53,1.20886505,0.835,0.28,1.23E-49,IFE mitotic,NUSAP1
DNMT11,2.19E-52,0.598296866,0.909,0.431,4.39E-49,IFE mitotic,DNMT1
KIF22,1.83E-51,0.591233098,0.86,0.387,3.66E-48,IFE mitotic,KIF22
FEN1,1.89E-51,0.66671242,0.876,0.321,3.79E-48,IFE mitotic,FEN1
CENPU,2.79E-50,0.724573422,0.864,0.333,5.58E-47,IFE mitotic,CENPU
CENPH,6.14E-50,0.56274416,0.86,0.338,1.23E-46,IFE mitotic,CENPH
PTTG1,1.97E-49,1.366539209,0.897,0.407,3.93E-46,IFE mitotic,PTTG1
COMMD4,1.93E-48,0.471307005,0.938,0.552,3.85E-45,IFE mitotic,COMMD4
SNRPD11,7.44E-47,0.469045369,0.983,0.748,1.49E-43,IFE mitotic,SNRPD1
CCDC341,5.34E-46,0.560157976,0.921,0.469,1.07E-42,IFE mitotic,CCDC34
CENPN,1.03E-45,0.488788347,0.769,0.309,2.05E-42,IFE mitotic,CENPN
CDK1,6.63E-45,0.712831497,0.76,0.154,1.33E-41,IFE mitotic,CDK1
TOP2A,7.19E-45,1.111788288,0.814,0.22,1.44E-41,IFE mitotic,TOP2A
KPNB1,1.76E-44,0.401082026,0.959,0.614,3.52E-41,IFE mitotic,KPNB1
CKS2,1.20E-43,1.016677533,0.913,0.521,2.39E-40,IFE mitotic,CKS2
SSRP1,1.28E-43,0.425710591,0.921,0.597,2.56E-40,IFE mitotic,SSRP1
LMNB1,3.11E-43,0.41743901,0.756,0.256,6.23E-40,IFE mitotic,LMNB1
RNASEH2A,3.16E-43,0.584215382,0.847,0.339,6.32E-40,IFE mitotic,RNASEH2A
TMPO,3.63E-43,0.550337096,0.835,0.345,7.25E-40,IFE mitotic,TMPO
GSTP13,8.84E-43,0.298560917,0.996,0.939,1.77E-39,IFE mitotic,GSTP1
DHFR,1.33E-42,0.516892571,0.764,0.267,2.65E-39,IFE mitotic,DHFR
HADH,1.77E-42,0.503422764,0.905,0.521,3.54E-39,IFE mitotic,HADH
NAP1L12,1.83E-42,0.375670435,1,0.899,3.66E-39,IFE mitotic,NAP1L1
GGCT1,5.24E-42,0.498381375,0.959,0.646,1.05E-38,IFE mitotic,GGCT
SYNCRIP,5.58E-42,0.362273945,0.971,0.651,1.12E-38,IFE mitotic,SYNCRIP
CENPK,9.64E-42,0.466415955,0.785,0.178,1.93E-38,IFE mitotic,CENPK
RRM2,1.51E-41,0.762449549,0.744,0.138,3.02E-38,IFE mitotic,RRM2
ACAT21,5.65E-41,0.485833731,0.888,0.469,1.13E-37,IFE mitotic,ACAT2
CENPM,1.01E-40,0.539972467,0.731,0.256,2.02E-37,IFE mitotic,CENPM
MCM3,1.18E-40,0.620053953,0.86,0.412,2.36E-37,IFE mitotic,MCM3
PHGDH1,1.29E-40,0.321133776,0.975,0.749,2.58E-37,IFE mitotic,PHGDH
PSIP1,1.87E-40,0.521450105,0.921,0.52,3.73E-37,IFE mitotic,PSIP1
UBE2C,3.60E-40,1.219742089,0.773,0.269,7.21E-37,IFE mitotic,UBE2C
PBK,4.11E-40,0.594061924,0.698,0.149,8.23E-37,IFE mitotic,PBK
CENPF,1.18E-39,1.202005103,0.769,0.247,2.36E-36,IFE mitotic,CENPF
CALM21,1.38E-39,0.611459179,0.992,0.88,2.76E-36,IFE mitotic,CALM2
TUBA1C,4.29E-39,0.62520851,0.967,0.745,8.58E-36,IFE mitotic,TUBA1C
GINS2,8.43E-39,0.624761634,0.769,0.3,1.69E-35,IFE mitotic,GINS2
HIST1H4C,1.80E-38,1.736428181,0.864,0.481,3.60E-35,IFE mitotic,HIST1H4C
COX8A1,2.35E-38,0.292938592,1,0.878,4.69E-35,IFE mitotic,COX8A
KIF20B,2.63E-38,0.577231739,0.777,0.342,5.26E-35,IFE mitotic,KIF20B
MND1,3.08E-38,0.385634454,0.723,0.219,6.17E-35,IFE mitotic,MND1
IDH21,4.44E-38,0.410126484,0.917,0.53,8.88E-35,IFE mitotic,IDH2
PPIH,1.06E-37,0.31453726,0.835,0.441,2.13E-34,IFE mitotic,PPIH
TUBB6,1.17E-37,0.363903931,0.934,0.581,2.34E-34,IFE mitotic,TUBB6
SFPQ,1.24E-37,0.428604381,0.975,0.769,2.48E-34,IFE mitotic,SFPQ
TUBB4B1,1.43E-37,0.492914082,0.996,0.893,2.87E-34,IFE mitotic,TUBB4B
VKORC11,6.83E-37,0.315994044,0.95,0.602,1.37E-33,IFE mitotic,VKORC1
CARHSP1,1.23E-36,0.379640522,0.901,0.507,2.47E-33,IFE mitotic,CARHSP1
ORC6,4.78E-36,0.55673037,0.777,0.243,9.55E-33,IFE mitotic,ORC6
RPA2,5.18E-36,0.399129122,0.921,0.513,1.04E-32,IFE mitotic,RPA2
NME12,6.65E-36,0.346949096,0.992,0.709,1.33E-32,IFE mitotic,NME1
RAD51AP1,1.24E-35,0.454318509,0.702,0.207,2.48E-32,IFE mitotic,RAD51AP1
TPX2,3.33E-35,0.703514194,0.74,0.205,6.66E-32,IFE mitotic,TPX2
BCL2L12,3.90E-35,0.352677622,0.764,0.328,7.80E-32,IFE mitotic,BCL2L12
SYNE21,1.05E-34,0.298482974,0.971,0.698,2.11E-31,IFE mitotic,SYNE2
CBX5,3.03E-34,0.356162875,0.835,0.421,6.05E-31,IFE mitotic,CBX5
CLSPN,4.82E-34,0.38578347,0.694,0.231,9.64E-31,IFE mitotic,CLSPN
PARP12,9.40E-34,0.342102638,0.901,0.516,1.88E-30,IFE mitotic,PARP1
PAFAH1B31,9.56E-34,0.449231911,0.905,0.558,1.91E-30,IFE mitotic,PAFAH1B3
RFC4,1.09E-33,0.37580002,0.698,0.293,2.18E-30,IFE mitotic,RFC4
ANP32E,1.46E-33,0.570595033,0.835,0.427,2.93E-30,IFE mitotic,ANP32E
GMNN,2.24E-33,0.442278307,0.81,0.313,4.48E-30,IFE mitotic,GMNN
GSTO11,3.63E-33,0.307144769,0.975,0.683,7.26E-30,IFE mitotic,GSTO1
PRDX21,1.41E-32,0.326541902,0.996,0.858,2.82E-29,IFE mitotic,PRDX2
HELLS,1.95E-32,0.47020195,0.669,0.282,3.90E-29,IFE mitotic,HELLS
NDC80,2.95E-32,0.427857891,0.674,0.204,5.90E-29,IFE mitotic,NDC80
RFC2,3.00E-32,0.40326973,0.814,0.361,6.01E-29,IFE mitotic,RFC2
TUBG1,3.33E-32,0.400888436,0.785,0.364,6.65E-29,IFE mitotic,TUBG1
ZDHHC12,3.77E-32,0.34007666,0.864,0.528,7.54E-29,IFE mitotic,ZDHHC12
LDHB3,8.85E-32,0.484173852,0.95,0.746,1.77E-28,IFE mitotic,LDHB
SUPT16H,1.23E-31,0.29451085,0.897,0.522,2.45E-28,IFE mitotic,SUPT16H
DIAPH3,2.87E-31,0.346223046,0.645,0.143,5.74E-28,IFE mitotic,DIAPH3
RHEB2,4.07E-31,0.457119398,0.967,0.705,8.13E-28,IFE mitotic,RHEB
GTSE1,4.54E-31,0.371742666,0.653,0.225,9.07E-28,IFE mitotic,GTSE1
FDPS1,6.93E-31,0.40882133,0.93,0.657,1.39E-27,IFE mitotic,FDPS
RPL22L12,7.56E-31,0.308156575,0.971,0.778,1.51E-27,IFE mitotic,RPL22L1
NUF2,1.08E-30,0.490717979,0.657,0.186,2.17E-27,IFE mitotic,NUF2
MIS18BP1,1.13E-30,0.37610172,0.806,0.395,2.26E-27,IFE mitotic,MIS18BP1
MCM4,1.43E-30,0.324976068,0.752,0.317,2.86E-27,IFE mitotic,MCM4
MCM6,2.18E-30,0.352873972,0.698,0.29,4.36E-27,IFE mitotic,MCM6
HMGB3,6.33E-30,0.467823582,0.76,0.362,1.27E-26,IFE mitotic,HMGB3
VRK1,6.98E-30,0.429568555,0.756,0.346,1.40E-26,IFE mitotic,VRK1
CCNB2,7.48E-30,0.644188062,0.653,0.212,1.50E-26,IFE mitotic,CCNB2
CCNB1,1.78E-29,0.844741951,0.694,0.291,3.56E-26,IFE mitotic,CCNB1
VDAC11,3.11E-29,0.301313623,0.979,0.765,6.23E-26,IFE mitotic,VDAC1
ATAD2,2.41E-28,0.45025855,0.69,0.282,4.82E-25,IFE mitotic,ATAD2
RPA1,2.78E-28,0.266743101,0.822,0.466,5.55E-25,IFE mitotic,RPA1
CDCA8,3.51E-28,0.456278547,0.64,0.17,7.02E-25,IFE mitotic,CDCA8
CKAP2,6.42E-28,0.545724669,0.727,0.298,1.28E-24,IFE mitotic,CKAP2
MT1X3,6.44E-28,0.593508416,0.95,0.712,1.29E-24,IFE mitotic,MT1X
IMPA24,1.74E-27,0.314514136,0.963,0.672,3.49E-24,IFE mitotic,IMPA2
FAM111B,2.62E-27,0.505485292,0.661,0.27,5.24E-24,IFE mitotic,FAM111B
HPRT1,2.72E-27,0.306481314,0.888,0.492,5.44E-24,IFE mitotic,HPRT1
SKA2,4.27E-27,0.44710177,0.731,0.352,8.53E-24,IFE mitotic,SKA2
CDC20,7.81E-27,0.760541735,0.661,0.236,1.56E-23,IFE mitotic,CDC20
BUB3,8.26E-27,0.363205866,0.822,0.482,1.65E-23,IFE mitotic,BUB3
MT2A3,4.77E-26,1.431777916,0.893,0.633,9.53E-23,IFE mitotic,MT2A
TMEM97,1.96E-25,0.309740071,0.715,0.353,3.91E-22,IFE mitotic,TMEM97
KPNA2,1.99E-25,0.522366597,0.835,0.542,3.98E-22,IFE mitotic,KPNA2
LY6E2,3.68E-25,0.271762143,0.942,0.667,7.37E-22,IFE mitotic,LY6E
HMMR,4.31E-25,0.478835187,0.595,0.173,8.62E-22,IFE mitotic,HMMR
MTCH2,5.90E-24,0.30314732,0.913,0.605,1.18E-20,IFE mitotic,MTCH2
TMEM14A,1.10E-23,0.292599184,0.847,0.472,2.21E-20,IFE mitotic,TMEM14A
ANLN,1.50E-23,0.421679807,0.616,0.193,2.99E-20,IFE mitotic,ANLN
MGST12,1.76E-22,0.306058207,0.864,0.539,3.51E-19,IFE mitotic,MGST1
PPP4C,1.75E-21,0.250183626,0.926,0.648,3.50E-18,IFE mitotic,PPP4C
ISOC2,2.12E-21,0.319106824,0.95,0.667,4.24E-18,IFE mitotic,ISOC2
CDCA7,2.83E-21,0.252134551,0.599,0.263,5.67E-18,IFE mitotic,CDCA7
RNASEH2B,4.39E-21,0.273488684,0.764,0.414,8.77E-18,IFE mitotic,RNASEH2B
CDCA2,7.23E-21,0.26376136,0.541,0.191,1.45E-17,IFE mitotic,CDCA2
ESCO2,1.01E-20,0.284490019,0.562,0.122,2.01E-17,IFE mitotic,ESCO2
HAT1,1.66E-20,0.251677903,0.818,0.513,3.32E-17,IFE mitotic,HAT1
CKAP2L,2.33E-20,0.307900421,0.545,0.116,4.66E-17,IFE mitotic,CKAP2L
FKBP3,5.00E-20,0.258388946,0.955,0.66,1.00E-16,IFE mitotic,FKBP3
EIF4EBP1,8.04E-20,0.264801757,0.748,0.442,1.61E-16,IFE mitotic,EIF4EBP1
GPN3,8.71E-20,0.254530664,0.731,0.426,1.74E-16,IFE mitotic,GPN3
ARL6IP11,1.05E-18,0.633056472,0.86,0.64,2.10E-15,IFE mitotic,ARL6IP1
DLGAP5,1.11E-18,0.396760895,0.512,0.069,2.21E-15,IFE mitotic,DLGAP5
PTN2,1.51E-18,0.522759421,0.74,0.464,3.03E-15,IFE mitotic,PTN
HIST1H1D,1.87E-18,0.614371003,0.55,0.241,3.74E-15,IFE mitotic,HIST1H1D
AURKA,2.96E-18,0.26821689,0.508,0.221,5.92E-15,IFE mitotic,AURKA
ALDH23,4.15E-18,0.251276017,0.95,0.666,8.30E-15,IFE mitotic,ALDH2
HIST1H1C,8.78E-18,0.410155568,0.653,0.365,1.76E-14,IFE mitotic,HIST1H1C
PTMS1,1.47E-17,0.263605348,0.926,0.682,2.94E-14,IFE mitotic,PTMS
NMU1,5.71E-17,0.502143615,0.591,0.333,1.14E-13,IFE mitotic,NMU
HIST2H2AC,1.05E-16,0.297348492,0.587,0.318,2.11E-13,IFE mitotic,HIST2H2AC
DAZAP1,2.48E-16,0.254454634,0.744,0.486,4.97E-13,IFE mitotic,DAZAP1
MZT1,2.81E-16,0.258252962,0.736,0.445,5.63E-13,IFE mitotic,MZT1
HIST1H1E,5.86E-16,0.261838338,0.554,0.284,1.17E-12,IFE mitotic,HIST1H1E
SCCPDH1,1.43E-14,0.284332987,0.599,0.337,2.86E-11,IFE mitotic,SCCPDH
MT1E2,3.74E-14,0.625188117,0.64,0.397,7.49E-11,IFE mitotic,MT1E
NQO1,4.34E-14,0.285981407,0.595,0.31,8.68E-11,IFE mitotic,NQO1
ODC11,4.71E-12,0.273221272,0.694,0.46,9.42E-09,IFE mitotic,ODC1
MT1G1,6.32E-08,0.475832511,0.339,0.17,0.000126336,IFE mitotic,MT1G
ID31,9.49E-08,0.470670176,0.843,0.643,0.000189837,IFE mitotic,ID3
ID11,1.83E-07,0.286818326,0.905,0.739,0.00036661,IFE mitotic,ID1
KRT52,1.42E-111,0.336807393,1,0.913,2.84E-108,isthmus,KRT5
DST2,2.86E-98,0.984853048,0.991,0.678,5.72E-95,isthmus,DST
KRT152,1.63E-88,1.059657089,0.987,0.791,3.26E-85,isthmus,KRT15
S100A61,4.58E-76,0.595227532,1,0.943,9.16E-73,isthmus,S100A6
TMSB4X1,2.00E-65,0.43654634,1,0.978,4.00E-62,isthmus,TMSB4X
COL17A13,1.01E-64,0.811846051,0.935,0.559,2.03E-61,isthmus,COL17A1
AQP32,7.67E-64,1.012167824,0.97,0.657,1.53E-60,isthmus,AQP3
RCAN11,5.33E-59,1.617629564,0.905,0.531,1.07E-55,isthmus,RCAN1
CAV12,2.10E-58,0.431387685,0.978,0.721,4.19E-55,isthmus,CAV1
CYP1B12,8.46E-50,0.846676121,0.926,0.581,1.69E-46,isthmus,CYP1B1
ABRACL2,1.26E-46,0.567080858,0.952,0.75,2.52E-43,isthmus,ABRACL
IFITM33,9.14E-42,0.329241923,0.952,0.701,1.83E-38,isthmus,IFITM3
APP1,6.69E-41,0.501028386,0.948,0.747,1.34E-37,isthmus,APP
GSN2,2.40E-40,0.251333328,0.987,0.839,4.81E-37,isthmus,GSN
TMEM981,5.16E-40,0.596583584,0.831,0.477,1.03E-36,isthmus,TMEM98
CXCL141,2.14E-38,0.829570311,0.97,0.823,4.28E-35,isthmus,CXCL14
LGALS12,1.95E-36,0.467423885,0.974,0.806,3.91E-33,isthmus,LGALS1
CCNL11,2.11E-35,0.474895619,0.983,0.883,4.21E-32,isthmus,CCNL1
C9orf162,1.35E-32,0.497340032,0.961,0.792,2.71E-29,isthmus,C9orf16
C19orf33,3.13E-31,0.572006736,0.671,0.324,6.26E-28,isthmus,C19orf33
CYR611,5.09E-30,0.652472518,0.775,0.524,1.02E-26,isthmus,CYR61
CALD11,1.25E-27,0.399290098,0.918,0.746,2.50E-24,isthmus,CALD1
BCAM1,3.78E-27,0.566527895,0.775,0.513,7.57E-24,isthmus,BCAM
ANXA12,4.05E-27,0.286576474,0.965,0.818,8.10E-24,isthmus,ANXA1
TPM13,4.17E-27,0.411866362,0.866,0.62,8.35E-24,isthmus,TPM1
SDC42,4.90E-27,0.522578596,0.853,0.675,9.80E-24,isthmus,SDC4
KRT82,6.96E-27,0.688735923,0.706,0.444,1.39E-23,isthmus,KRT8
LMCD11,9.59E-27,0.65122427,0.766,0.518,1.92E-23,isthmus,LMCD1
CRYAB3,1.15E-26,0.394790953,0.892,0.621,2.29E-23,isthmus,CRYAB
AVPI12,2.64E-26,0.510514438,0.762,0.537,5.28E-23,isthmus,AVPI1
CTGF1,3.09E-26,0.728140292,0.675,0.401,6.18E-23,isthmus,CTGF
PDPN2,3.42E-26,0.460041727,0.675,0.406,6.84E-23,isthmus,PDPN
ITM2A1,4.78E-24,0.464313484,0.857,0.637,9.55E-21,isthmus,ITM2A
RBP12,5.22E-24,0.399775738,0.874,0.67,1.04E-20,isthmus,RBP1
PLK21,1.31E-23,0.508600666,0.835,0.692,2.62E-20,isthmus,PLK2
CDH133,2.15E-23,0.406730982,0.71,0.49,4.30E-20,isthmus,CDH13
CNN32,3.20E-23,0.450491776,0.805,0.62,6.41E-20,isthmus,CNN3
PDLIM2,4.54E-21,0.4877691,0.719,0.542,9.09E-18,isthmus,PDLIM2
ANXA3,1.84E-19,0.446053409,0.58,0.383,3.68E-16,isthmus,ANXA3
ATF33,2.43E-18,0.359913898,0.961,0.868,4.85E-15,isthmus,ATF3
PALLD1,3.04E-18,0.266335489,0.831,0.647,6.08E-15,isthmus,PALLD
PTN3,3.83E-18,0.612231775,0.662,0.468,7.66E-15,isthmus,PTN
IER32,4.33E-18,0.366116028,0.957,0.838,8.66E-15,isthmus,IER3
C16orf741,1.55E-17,0.450624842,0.537,0.4,3.11E-14,isthmus,C16orf74
PALMD1,1.71E-17,0.272454271,0.857,0.691,3.42E-14,isthmus,PALMD
KCTD11,5.31E-17,0.3383503,0.788,0.667,1.06E-13,isthmus,KCTD1
CHST22,2.63E-16,0.327894972,0.645,0.422,5.26E-13,isthmus,CHST2
CITED21,1.01E-15,0.303872966,0.723,0.565,2.01E-12,isthmus,CITED2
NET11,4.21E-15,0.333472855,0.745,0.575,8.42E-12,isthmus,NET1
C6orf132,5.20E-15,0.300259216,0.662,0.523,1.04E-11,isthmus,C6orf132
PPP1R1C1,7.35E-15,0.347519203,0.554,0.365,1.47E-11,isthmus,PPP1R1C
CD1091,2.46E-14,0.31268273,0.615,0.461,4.92E-11,isthmus,CD109
FRZB2,1.45E-13,0.40371222,0.628,0.498,2.89E-10,isthmus,FRZB
SOX42,1.71E-13,0.303236513,0.74,0.576,3.41E-10,isthmus,SOX4
EFNB2,3.70E-13,0.303854868,0.532,0.425,7.40E-10,isthmus,EFNB2
SOCS32,4.69E-13,0.426218286,0.831,0.723,9.37E-10,isthmus,SOCS3
LURAP1L1,8.42E-13,0.264411692,0.524,0.397,1.68E-09,isthmus,LURAP1L
PHACTR2,9.07E-13,0.27033451,0.463,0.367,1.81E-09,isthmus,PHACTR2
FILIP1L1,1.78E-12,0.358269446,0.615,0.489,3.57E-09,isthmus,FILIP1L
CTNNAL11,1.99E-12,0.271306942,0.55,0.402,3.97E-09,isthmus,CTNNAL1
EFEMP11,2.68E-12,0.384118618,0.597,0.489,5.36E-09,isthmus,EFEMP1
SRGAP11,4.88E-12,0.287583136,0.442,0.318,9.75E-09,isthmus,SRGAP1
FAM229B1,5.05E-12,0.306896296,0.481,0.408,1.01E-08,isthmus,FAM229B
RAB321,5.97E-12,0.312837735,0.545,0.422,1.19E-08,isthmus,RAB32
SYNE22,1.93E-11,0.330370082,0.775,0.708,3.87E-08,isthmus,SYNE2
FAM114A1,6.14E-11,0.25607095,0.61,0.492,1.23E-07,isthmus,FAM114A1
SOSTDC12,9.19E-11,0.284412458,0.797,0.672,1.84E-07,isthmus,SOSTDC1
KLK111,1.67E-10,0.256816675,0.424,0.292,3.33E-07,isthmus,KLK11
IL20RB2,1.75E-10,0.273184334,0.654,0.503,3.50E-07,isthmus,IL20RB
TGFB21,1.99E-10,0.306077737,0.45,0.289,3.98E-07,isthmus,TGFB2
MAP1B1,2.71E-10,0.263606064,0.576,0.432,5.41E-07,isthmus,MAP1B
KLF101,4.36E-10,0.392994329,0.792,0.745,8.72E-07,isthmus,KLF10
LHX22,4.80E-10,0.25928482,0.563,0.458,9.60E-07,isthmus,LHX2
TNFRSF12A2,9.12E-10,0.350479045,0.684,0.604,1.82E-06,isthmus,TNFRSF12A
MAFF2,9.40E-10,0.368570491,0.667,0.629,1.88E-06,isthmus,MAFF
NR3C11,5.58E-09,0.254297864,0.584,0.53,1.12E-05,isthmus,NR3C1
CCL23,2.79E-08,0.807839806,0.463,0.447,5.57E-05,isthmus,CCL2
CARD161,4.27E-08,0.253570981,0.472,0.36,8.55E-05,isthmus,CARD16
THBS21,4.65E-08,0.258320485,0.519,0.444,9.31E-05,isthmus,THBS2
MYC1,1.90E-06,0.302687339,0.792,0.727,0.00380517,isthmus,MYC
CXCL142,4.73E-130,0.848832669,1,0.824,9.47E-127,lower bulge,CXCL14
LGALS13,5.24E-83,0.690037524,1,0.806,1.05E-79,lower bulge,LGALS1
KRT143,1.71E-80,0.428060026,1,0.955,3.42E-77,lower bulge,KRT14
IGFBP72,4.24E-74,1.168252805,0.973,0.542,8.48E-71,lower bulge,IGFBP7
KRT153,1.64E-64,0.721547128,0.989,0.793,3.28E-61,lower bulge,KRT15
RARRES21,2.74E-63,1.274985112,0.934,0.518,5.48E-60,lower bulge,RARRES2
SFRP11,3.03E-56,0.939560653,0.94,0.466,6.07E-53,lower bulge,SFRP1
FTH12,3.30E-52,0.253841403,1,0.977,6.60E-49,lower bulge,FTH1
FGL21,4.62E-50,1.308605694,0.885,0.392,9.24E-47,lower bulge,FGL2
MYL91,1.11E-47,1.157149098,0.858,0.466,2.23E-44,lower bulge,MYL9
ITM2A2,3.20E-47,0.74333989,0.945,0.636,6.40E-44,lower bulge,ITM2A
COMP,1.36E-45,2.592716113,0.77,0.178,2.72E-42,lower bulge,COMP
MGP1,1.63E-43,2.399051668,0.792,0.333,3.26E-40,lower bulge,MGP
CAV13,2.07E-43,0.668491962,0.973,0.723,4.13E-40,lower bulge,CAV1
GJB61,1.19E-42,0.972385588,0.913,0.676,2.37E-39,lower bulge,GJB6
DST3,1.69E-41,0.608921616,0.962,0.682,3.38E-38,lower bulge,DST
THBS22,4.25E-39,1.143583305,0.781,0.435,8.49E-36,lower bulge,THBS2
CREG12,4.71E-38,0.89130444,0.907,0.696,9.42E-35,lower bulge,CREG1
GADD45B3,1.38E-35,0.827200542,0.973,0.898,2.75E-32,lower bulge,GADD45B
ANXA21,6.55E-33,0.270319808,1,0.95,1.31E-29,lower bulge,ANXA2
EFEMP12,8.96E-33,0.759368143,0.803,0.483,1.79E-29,lower bulge,EFEMP1
DAPL11,4.06E-31,0.548067068,0.956,0.74,8.11E-28,lower bulge,DAPL1
GJB22,4.29E-31,0.789811003,0.874,0.643,8.58E-28,lower bulge,GJB2
CALD12,2.01E-29,0.719710586,0.896,0.749,4.02E-26,lower bulge,CALD1
FTL3,6.05E-29,0.354197399,0.995,0.926,1.21E-25,lower bulge,FTL
SDC11,6.50E-29,0.511366165,0.934,0.804,1.30E-25,lower bulge,SDC1
SLC12A21,1.14E-28,0.90552933,0.705,0.363,2.28E-25,lower bulge,SLC12A2
TIMP3,2.49E-28,1.578505216,0.689,0.426,4.98E-25,lower bulge,TIMP3
KRT83,1.32E-26,0.575728835,0.721,0.445,2.65E-23,lower bulge,KRT8
THBS11,6.13E-26,0.917450123,0.683,0.395,1.23E-22,lower bulge,THBS1
SHISA22,9.33E-26,0.86171102,0.678,0.376,1.87E-22,lower bulge,SHISA2
CDH134,3.93E-25,0.631305821,0.727,0.491,7.86E-22,lower bulge,CDH13
ANGPTL7,2.04E-24,2.299185017,0.525,0.142,4.09E-21,lower bulge,ANGPTL7
CDC42EP31,2.36E-24,0.667077066,0.76,0.473,4.71E-21,lower bulge,CDC42EP3
LYPD6B1,3.68E-24,0.661296838,0.705,0.417,7.36E-21,lower bulge,LYPD6B
EMP32,4.17E-24,0.355753391,0.852,0.581,8.33E-21,lower bulge,EMP3
SPARC1,2.66E-22,0.640549168,0.732,0.52,5.33E-19,lower bulge,SPARC
MALAT12,1.71E-21,0.337061502,0.995,0.988,3.41E-18,lower bulge,MALAT1
GLUL1,2.49E-21,0.477816632,0.907,0.767,4.97E-18,lower bulge,GLUL
ALAD,1.72E-20,1.008080909,0.552,0.4,3.44E-17,lower bulge,ALAD
AP1S21,1.97E-20,0.577189363,0.656,0.425,3.94E-17,lower bulge,AP1S2
RAMP11,3.20E-20,0.836566811,0.546,0.346,6.41E-17,lower bulge,RAMP1
LMCD12,8.79E-20,0.583484485,0.792,0.519,1.76E-16,lower bulge,LMCD1
APP2,2.86E-19,0.441314545,0.869,0.752,5.72E-16,lower bulge,APP
COL17A14,6.11E-19,0.555107611,0.809,0.568,1.22E-15,lower bulge,COL17A1
SDC22,6.18E-19,0.615404584,0.65,0.451,1.24E-15,lower bulge,SDC2
CHI3L12,6.51E-19,0.959975411,0.705,0.483,1.30E-15,lower bulge,CHI3L1
FZD71,1.33E-18,0.540100696,0.634,0.443,2.65E-15,lower bulge,FZD7
GOLIM41,2.09E-17,0.519325423,0.667,0.499,4.18E-14,lower bulge,GOLIM4
PPT11,2.33E-17,0.385500242,0.76,0.621,4.66E-14,lower bulge,PPT1
LHX23,4.79E-17,0.44201609,0.661,0.455,9.58E-14,lower bulge,LHX2
SLC40A11,2.95E-16,0.506939025,0.628,0.424,5.90E-13,lower bulge,SLC40A1
SLC27A6,3.55E-16,0.529343173,0.481,0.301,7.10E-13,lower bulge,SLC27A6
PALLD2,4.12E-16,0.526562252,0.77,0.651,8.25E-13,lower bulge,PALLD
HOXC131,4.51E-16,0.486922551,0.546,0.331,9.03E-13,lower bulge,HOXC13
IER33,4.79E-16,0.535388732,0.923,0.841,9.57E-13,lower bulge,IER3
CREB52,4.76E-15,0.473950137,0.617,0.453,9.52E-12,lower bulge,CREB5
POMC1,5.06E-15,0.39657391,0.541,0.385,1.01E-11,lower bulge,POMC
BNC22,1.78E-14,0.499885138,0.552,0.381,3.56E-11,lower bulge,BNC2
BASP1,1.96E-14,0.557976682,0.552,0.419,3.92E-11,lower bulge,BASP1
CHST23,3.81E-14,0.473076007,0.634,0.425,7.63E-11,lower bulge,CHST2
SCPEP11,6.55E-14,0.446044808,0.732,0.638,1.31E-10,lower bulge,SCPEP1
ATP1B11,6.68E-14,0.44153569,0.71,0.62,1.34E-10,lower bulge,ATP1B1
RCAN12,7.90E-14,0.260671942,0.776,0.539,1.58E-10,lower bulge,RCAN1
ID41,1.42E-13,0.520393498,0.53,0.296,2.83E-10,lower bulge,ID4
PYGL1,2.60E-13,0.557055082,0.486,0.352,5.20E-10,lower bulge,PYGL
GCLM1,4.06E-13,0.459733772,0.546,0.438,8.11E-10,lower bulge,GCLM
PART1,4.78E-13,0.428888167,0.432,0.234,9.56E-10,lower bulge,PART1
PDPN3,7.27E-13,0.376433614,0.563,0.413,1.45E-09,lower bulge,PDPN
RNF152,5.21E-12,0.468395164,0.437,0.352,1.04E-08,lower bulge,RNF152
CKS1B1,7.47E-12,0.347127292,0.754,0.68,1.49E-08,lower bulge,CKS1B
DSG21,7.65E-12,0.436749474,0.486,0.375,1.53E-08,lower bulge,DSG2
CTSK1,9.26E-12,0.276949142,0.59,0.462,1.85E-08,lower bulge,CTSK
KRT6C1,1.31E-11,0.478325007,0.579,0.382,2.62E-08,lower bulge,KRT6C
PHGDH2,1.53E-11,0.315345484,0.836,0.756,3.07E-08,lower bulge,PHGDH
FLRT31,2.99E-11,0.457239268,0.508,0.403,5.98E-08,lower bulge,FLRT3
LPCAT2,6.52E-11,0.394410576,0.404,0.339,1.30E-07,lower bulge,LPCAT2
TENM22,7.16E-11,0.43314372,0.536,0.464,1.43E-07,lower bulge,TENM2
LOXL1,1.69E-10,0.32919922,0.448,0.359,3.37E-07,lower bulge,LOXL1
SLC3A22,2.28E-10,0.574825298,0.852,0.851,4.56E-07,lower bulge,SLC3A2
TGFB22,3.57E-10,0.336838148,0.47,0.29,7.14E-07,lower bulge,TGFB2
SEC622,4.32E-10,0.322123026,0.787,0.717,8.63E-07,lower bulge,SEC62
SNHG71,4.99E-10,0.273362175,0.885,0.84,9.98E-07,lower bulge,SNHG7
FBXO321,1.67E-09,0.368173734,0.579,0.493,3.33E-06,lower bulge,FBXO32
PHLDA31,1.79E-09,0.347441641,0.623,0.598,3.58E-06,lower bulge,PHLDA3
TXNDC171,3.31E-09,0.443673324,0.776,0.732,6.63E-06,lower bulge,TXNDC17
TNFRSF12A3,6.23E-09,0.340796659,0.661,0.606,1.25E-05,lower bulge,TNFRSF12A
SOX43,7.02E-09,0.436645892,0.645,0.581,1.40E-05,lower bulge,SOX4
SLC25A42,7.36E-09,0.281746845,0.579,0.527,1.47E-05,lower bulge,SLC25A4
PRSS232,9.27E-09,0.319093499,0.443,0.332,1.85E-05,lower bulge,PRSS23
FILIP1L2,1.88E-08,0.377443617,0.552,0.492,3.76E-05,lower bulge,FILIP1L
BCAM2,2.02E-08,0.268782894,0.634,0.52,4.05E-05,lower bulge,BCAM
SPECC1,7.19E-08,0.253959204,0.328,0.283,0.000143707,lower bulge,SPECC1
ITGB12,7.48E-08,0.284936888,0.661,0.631,0.000149548,lower bulge,ITGB1
APLP21,1.10E-07,0.276740325,0.65,0.65,0.000219072,lower bulge,APLP2
ZFYVE21,1.11E-07,0.309635606,0.628,0.571,0.000221932,lower bulge,ZFYVE21
MDK,1.21E-07,0.326460771,0.475,0.445,0.000242937,lower bulge,MDK
WDR66,1.31E-07,0.279618726,0.481,0.42,0.000261992,lower bulge,WDR66
NFIC2,1.99E-07,0.288449453,0.738,0.713,0.000397865,lower bulge,NFIC
NUCB21,2.11E-07,0.269291927,0.552,0.533,0.000421947,lower bulge,NUCB2
SLC7A81,2.80E-07,0.305057286,0.29,0.24,0.000560932,lower bulge,SLC7A8
EFNA52,2.82E-07,0.268566093,0.492,0.39,0.000563171,lower bulge,EFNA5
ARL4D1,3.62E-07,0.287281677,0.694,0.603,0.000723629,lower bulge,ARL4D
RAB341,6.15E-07,0.265944784,0.65,0.621,0.001229584,lower bulge,RAB34
HTRA1,1.15E-06,0.322953368,0.328,0.255,0.002308111,lower bulge,HTRA1
LAMTOR1,1.58E-06,0.263537463,0.781,0.803,0.003158624,lower bulge,LAMTOR1
TCF122,2.29E-06,0.262995854,0.481,0.458,0.004571308,lower bulge,TCF12
VGLL4,5.62E-06,0.285156025,0.596,0.615,0.011233022,lower bulge,VGLL4
TCEAL31,6.49E-06,0.27772265,0.481,0.453,0.012988604,lower bulge,TCEAL3
ASPH,7.20E-06,0.288955796,0.464,0.513,0.01440433,lower bulge,ASPH
SPRY1,7.46E-06,0.25050085,0.311,0.279,0.014926899,lower bulge,SPRY1
PPFIBP21,1.11E-05,0.27065228,0.366,0.366,0.022123046,lower bulge,PPFIBP2
KRT191,1.31E-05,0.268335929,0.333,0.28,0.026298132,lower bulge,KRT19
ACP52,1.52E-05,0.281511439,0.541,0.534,0.030376806,lower bulge,ACP5
PLEKHA4,2.36E-05,0.305208693,0.333,0.333,0.047112409,lower bulge,PLEKHA4
CD1641,6.27E-05,0.257362418,0.694,0.717,0.12544929,lower bulge,CD164
GADD45G1,0.000111235,0.287796922,0.59,0.562,0.222469738,lower bulge,GADD45G
MAP1B2,0.000131463,0.254214796,0.497,0.436,0.262926445,lower bulge,MAP1B
MAFB1,0.000162727,0.356245285,0.645,0.668,0.325454133,lower bulge,MAFB
NTRK21,0.000384895,0.264021451,0.541,0.562,0.769789303,lower bulge,NTRK2
DNAJB41,0.000760465,0.25437791,0.421,0.476,1,lower bulge,DNAJB4
HSPA62,0.000770868,0.616511998,0.306,0.376,1,lower bulge,HSPA6
SLC39A101,0.000944437,0.566787724,0.273,0.352,1,lower bulge,SLC39A10
HIF1A,0.001122669,0.265643551,0.475,0.542,1,lower bulge,HIF1A
ADM1,0.007471526,0.254305825,0.339,0.424,1,lower bulge,ADM
LGALS7B3,1.71E-230,1.090307501,1,0.787,3.42E-227,IFE spinous 3,LGALS7B
DMKN3,1.93E-197,1.733168398,1,0.765,3.87E-194,IFE spinous 3,DMKN
KRT101,5.17E-193,2.095508601,1,0.894,1.03E-189,IFE spinous 3,KRT10
LY6D3,3.39E-177,1.709006243,1,0.546,6.78E-174,IFE spinous 3,LY6D
KRTDAP2,4.23E-150,2.633646146,1,0.567,8.46E-147,IFE spinous 3,KRTDAP
FABP54,3.72E-145,1.185250774,1,0.839,7.44E-142,IFE spinous 3,FABP5
KRT12,3.80E-130,2.479288208,1,0.625,7.59E-127,IFE spinous 3,KRT1
DBI2,1.52E-127,1.104399879,1,0.792,3.04E-124,IFE spinous 3,DBI
S100A73,1.10E-125,2.165495773,0.994,0.641,2.21E-122,IFE spinous 3,S100A7
CRABP22,2.63E-125,1.831005929,1,0.539,5.26E-122,IFE spinous 3,CRABP2
LGALS73,1.59E-124,0.837046622,1,0.725,3.19E-121,IFE spinous 3,LGALS7
LYPD33,9.52E-122,1.312699544,1,0.63,1.90E-118,IFE spinous 3,LYPD3
S100A83,4.04E-115,2.013719341,1,0.792,8.08E-112,IFE spinous 3,S100A8
S100A113,5.36E-109,0.827106636,1,0.897,1.07E-105,IFE spinous 3,S100A11
TMEM45A3,2.12E-108,1.324555339,1,0.625,4.24E-105,IFE spinous 3,TMEM45A
S100A94,3.43E-102,1.715831731,1,0.75,6.85E-99,IFE spinous 3,S100A9
AQP33,2.87E-95,1.020524515,1,0.659,5.74E-92,IFE spinous 3,AQP3
IMPA25,4.32E-92,0.727117735,1,0.675,8.64E-89,IFE spinous 3,IMPA2
SBSN1,1.15E-91,1.54399056,1,0.447,2.29E-88,IFE spinous 3,SBSN
CSTA2,3.42E-89,1.991541529,1,0.594,6.84E-86,IFE spinous 3,CSTA
DEFB12,6.30E-87,1.041907087,1,0.473,1.26E-83,IFE spinous 3,DEFB1
NDUFA4L22,6.78E-86,1.606548941,0.994,0.562,1.36E-82,IFE spinous 3,NDUFA4L2
SH3BGRL32,6.64E-82,0.749738201,1,0.871,1.33E-78,IFE spinous 3,SH3BGRL3
GLTP1,2.54E-78,1.123270051,1,0.591,5.08E-75,IFE spinous 3,GLTP
S100A143,1.78E-77,0.356600727,1,0.891,3.55E-74,IFE spinous 3,S100A14
CSTB1,1.66E-75,0.70803321,1,0.867,3.31E-72,IFE spinous 3,CSTB
PGAM11,1.37E-71,0.67067635,0.994,0.711,2.75E-68,IFE spinous 3,PGAM1
NEAT13,8.03E-71,0.795011273,0.983,0.757,1.61E-67,IFE spinous 3,NEAT1
FGFBP13,2.65E-70,0.884512473,0.989,0.492,5.30E-67,IFE spinous 3,FGFBP1
ALDH24,4.24E-67,0.655322171,0.989,0.668,8.48E-64,IFE spinous 3,ALDH2
RHOV3,6.81E-67,0.788502548,0.989,0.544,1.36E-63,IFE spinous 3,RHOV
EMP22,3.81E-66,0.789020178,1,0.823,7.62E-63,IFE spinous 3,EMP2
S100A163,7.73E-66,0.500343922,0.994,0.854,1.55E-62,IFE spinous 3,S100A16
GSTP14,1.55E-65,0.458404046,1,0.94,3.09E-62,IFE spinous 3,GSTP1
SFN3,6.91E-65,0.620862972,1,0.834,1.38E-61,IFE spinous 3,SFN
RAB253,1.11E-64,0.699230198,0.994,0.631,2.22E-61,IFE spinous 3,RAB25
LDHA2,1.01E-63,0.560890528,1,0.931,2.03E-60,IFE spinous 3,LDHA
KCNK72,2.72E-63,0.816361533,0.983,0.477,5.44E-60,IFE spinous 3,KCNK7
MAL21,9.64E-62,0.964698473,0.966,0.379,1.93E-58,IFE spinous 3,MAL2
CYB5A1,1.75E-60,0.81458193,0.983,0.627,3.51E-57,IFE spinous 3,CYB5A
HSPB11,2.60E-60,0.435169018,1,0.974,5.20E-57,IFE spinous 3,HSPB1
SLC25A53,4.43E-59,0.567847658,1,0.887,8.86E-56,IFE spinous 3,SLC25A5
TACSTD24,5.80E-59,0.432493472,1,0.783,1.16E-55,IFE spinous 3,TACSTD2
LAD12,1.15E-58,0.55781216,0.994,0.541,2.30E-55,IFE spinous 3,LAD1
CHCHD104,3.15E-57,0.605149328,1,0.605,6.30E-54,IFE spinous 3,CHCHD10
PDZK1IP13,6.31E-57,0.986500453,0.972,0.415,1.26E-53,IFE spinous 3,PDZK1IP1
CA122,9.60E-57,0.561341136,0.989,0.505,1.92E-53,IFE spinous 3,CA12
PYCARD1,5.96E-56,0.56605678,0.994,0.704,1.19E-52,IFE spinous 3,PYCARD
CALML33,6.31E-56,0.526017032,1,0.815,1.26E-52,IFE spinous 3,CALML3
ITM2B2,1.54E-55,0.475980937,1,0.94,3.08E-52,IFE spinous 3,ITM2B
SLC2A12,1.75E-55,0.693588659,0.983,0.614,3.51E-52,IFE spinous 3,SLC2A1
PKP13,7.24E-52,0.522065994,1,0.612,1.45E-48,IFE spinous 3,PKP1
SPINK51,2.01E-51,1.368102262,0.977,0.424,4.02E-48,IFE spinous 3,SPINK5
TMEM401,6.72E-51,0.816607318,0.943,0.335,1.34E-47,IFE spinous 3,TMEM40
TPI12,1.03E-50,0.463267272,1,0.912,2.06E-47,IFE spinous 3,TPI1
DSG12,2.57E-50,0.655066795,0.983,0.415,5.14E-47,IFE spinous 3,DSG1
EHF3,3.39E-50,0.517914848,0.972,0.487,6.79E-47,IFE spinous 3,EHF
ALDH3B21,8.95E-50,0.536226732,0.966,0.422,1.79E-46,IFE spinous 3,ALDH3B2
TUBA4A4,2.03E-48,0.656764776,0.989,0.647,4.07E-45,IFE spinous 3,TUBA4A
PRSS3,1.31E-46,0.845997647,0.858,0.213,2.61E-43,IFE spinous 3,PRSS3
EPHX31,6.21E-46,0.586647991,0.892,0.292,1.24E-42,IFE spinous 3,EPHX3
SPRR1B1,2.06E-45,1.856999535,0.955,0.329,4.12E-42,IFE spinous 3,SPRR1B
RBP13,1.34E-44,0.443020366,0.994,0.668,2.67E-41,IFE spinous 3,RBP1
PMAIP12,4.35E-44,0.638889646,0.983,0.723,8.71E-41,IFE spinous 3,PMAIP1
TMEM541,2.39E-43,0.453526312,0.966,0.579,4.78E-40,IFE spinous 3,TMEM54
CIDEA1,3.33E-43,0.536875399,0.938,0.331,6.66E-40,IFE spinous 3,CIDEA
CALML51,4.00E-43,1.678094171,0.966,0.568,8.00E-40,IFE spinous 3,CALML5
PGK11,4.18E-43,0.482224241,0.989,0.846,8.37E-40,IFE spinous 3,PGK1
NMU2,1.41E-42,0.707553268,0.926,0.324,2.83E-39,IFE spinous 3,NMU
RDH12,5.58E-42,0.590625469,0.92,0.331,1.12E-38,IFE spinous 3,RDH12
RTCB,9.04E-42,0.501599585,0.972,0.605,1.81E-38,IFE spinous 3,RTCB
RNH11,3.03E-41,0.313187594,0.994,0.815,6.07E-38,IFE spinous 3,RNH1
IL1RN1,4.25E-41,0.503878986,0.96,0.408,8.50E-38,IFE spinous 3,IL1RN
SLC39A61,4.82E-41,0.437251627,0.966,0.553,9.65E-38,IFE spinous 3,SLC39A6
CKB1,6.07E-41,0.482621912,0.96,0.483,1.21E-37,IFE spinous 3,CKB
P4HB,1.43E-40,0.372031706,0.989,0.837,2.86E-37,IFE spinous 3,P4HB
NUDT8,1.06E-39,0.426634083,0.926,0.398,2.12E-36,IFE spinous 3,NUDT8
NSG12,1.61E-39,0.444582633,0.994,0.527,3.22E-36,IFE spinous 3,NSG1
ATP5B2,3.14E-39,0.361351066,0.994,0.881,6.27E-36,IFE spinous 3,ATP5B
PHLDA22,1.39E-38,0.960608822,0.949,0.523,2.78E-35,IFE spinous 3,PHLDA2
HBEGF2,3.32E-36,0.562898965,0.949,0.514,6.64E-33,IFE spinous 3,HBEGF
CHP21,6.71E-36,0.517235133,0.852,0.22,1.34E-32,IFE spinous 3,CHP2
DSP3,7.40E-36,0.354637931,0.994,0.821,1.48E-32,IFE spinous 3,DSP
SULT2B1,1.78E-35,0.564031491,0.886,0.276,3.56E-32,IFE spinous 3,SULT2B1
CLCA22,9.84E-35,0.423982969,0.938,0.441,1.97E-31,IFE spinous 3,CLCA2
TYMP3,1.07E-34,0.42953549,0.938,0.527,2.13E-31,IFE spinous 3,TYMP
CTNNBIP11,5.39E-34,0.541357962,0.983,0.628,1.08E-30,IFE spinous 3,CTNNBIP1
TMEM1541,9.42E-34,0.486482281,0.92,0.436,1.88E-30,IFE spinous 3,TMEM154
VDAC12,1.62E-33,0.313016102,1,0.767,3.24E-30,IFE spinous 3,VDAC1
PLBD11,2.49E-33,0.370530695,0.881,0.329,4.98E-30,IFE spinous 3,PLBD1
GGT61,7.19E-33,0.43740727,0.898,0.356,1.44E-29,IFE spinous 3,GGT6
SERPINB52,8.84E-33,0.31164543,0.989,0.77,1.77E-29,IFE spinous 3,SERPINB5
CERS31,2.02E-32,0.330132669,0.847,0.347,4.04E-29,IFE spinous 3,CERS3
CDKN2B1,2.44E-32,0.355459718,0.847,0.316,4.88E-29,IFE spinous 3,CDKN2B
TMEM1471,5.81E-32,0.352740688,0.989,0.72,1.16E-28,IFE spinous 3,TMEM147
SERPINB4,9.69E-32,1.378926653,0.847,0.233,1.94E-28,IFE spinous 3,SERPINB4
RORA1,1.16E-31,0.365727655,0.858,0.431,2.32E-28,IFE spinous 3,RORA
AHNAK,1.67E-31,0.355595109,0.983,0.799,3.34E-28,IFE spinous 3,AHNAK
NDRG12,4.87E-31,0.455557697,0.949,0.617,9.73E-28,IFE spinous 3,NDRG1
ACAA23,7.61E-30,0.310343281,0.932,0.518,1.52E-26,IFE spinous 3,ACAA2
SDCBP21,1.17E-29,0.468790261,0.881,0.303,2.33E-26,IFE spinous 3,SDCBP2
SPTSSB,1.36E-29,0.420998792,0.869,0.373,2.72E-26,IFE spinous 3,SPTSSB
NAGK2,1.80E-29,0.284423728,0.943,0.526,3.61E-26,IFE spinous 3,NAGK
EBPL,3.33E-29,0.26686332,0.977,0.699,6.66E-26,IFE spinous 3,EBPL
MPZL21,4.35E-29,0.309068189,0.943,0.558,8.69E-26,IFE spinous 3,MPZL2
THEM5,5.74E-29,0.525458294,0.767,0.207,1.15E-25,IFE spinous 3,THEM5
YBX32,1.02E-28,0.29585902,0.994,0.784,2.04E-25,IFE spinous 3,YBX3
TRIM161,1.45E-28,0.322169608,0.864,0.372,2.89E-25,IFE spinous 3,TRIM16
RAB11A,1.78E-28,0.330316187,0.994,0.72,3.55E-25,IFE spinous 3,RAB11A
TSPAN5,7.66E-28,0.293415922,0.784,0.347,1.53E-24,IFE spinous 3,TSPAN5
ELOVL4,1.46E-27,0.454028842,0.818,0.341,2.92E-24,IFE spinous 3,ELOVL4
IDH22,2.88E-27,0.286666262,0.92,0.535,5.76E-24,IFE spinous 3,IDH2
SERPINB3,3.49E-27,1.004371068,0.761,0.209,6.97E-24,IFE spinous 3,SERPINB3
ANKRD221,4.23E-27,0.340406116,0.858,0.385,8.46E-24,IFE spinous 3,ANKRD22
SRD5A3,1.66E-26,0.318324529,0.83,0.352,3.32E-23,IFE spinous 3,SRD5A3
ZNF7501,1.89E-26,0.312692978,0.886,0.383,3.77E-23,IFE spinous 3,ZNF750
PPP1R14B2,4.74E-26,0.298190907,0.955,0.52,9.48E-23,IFE spinous 3,PPP1R14B
CRB3,8.62E-26,0.250906483,0.841,0.386,1.72E-22,IFE spinous 3,CRB3
GSTA42,1.41E-25,0.332201266,0.926,0.542,2.82E-22,IFE spinous 3,GSTA4
STARD10,3.28E-25,0.259490914,0.83,0.345,6.57E-22,IFE spinous 3,STARD10
SLC39A2,5.87E-25,0.338676375,0.767,0.289,1.17E-21,IFE spinous 3,SLC39A2
BBC31,1.36E-24,0.365587463,0.858,0.478,2.72E-21,IFE spinous 3,BBC3
TPPP32,4.31E-24,0.684638969,0.869,0.465,8.62E-21,IFE spinous 3,TPPP3
SQLE1,9.03E-24,0.264359963,0.886,0.447,1.81E-20,IFE spinous 3,SQLE
CMPK1,2.77E-23,0.27257578,0.932,0.545,5.54E-20,IFE spinous 3,CMPK1
PON21,3.13E-23,0.353812723,0.892,0.492,6.25E-20,IFE spinous 3,PON2
SEMA3C1,5.10E-23,0.318216978,0.795,0.288,1.02E-19,IFE spinous 3,SEMA3C
C4orf3,1.70E-22,0.330707481,0.983,0.825,3.40E-19,IFE spinous 3,C4orf3
SLPI1,4.75E-22,0.7326081,0.693,0.238,9.50E-19,IFE spinous 3,SLPI
SDR16C52,7.00E-22,0.382667279,0.892,0.442,1.40E-18,IFE spinous 3,SDR16C5
STX111,1.16E-21,0.266645687,0.739,0.32,2.33E-18,IFE spinous 3,STX11
F122,1.62E-21,0.347558118,0.773,0.356,3.25E-18,IFE spinous 3,F12
KRT6A1,2.25E-21,0.53101962,0.926,0.573,4.50E-18,IFE spinous 3,KRT6A
HMGCS11,2.58E-20,0.366277462,0.915,0.519,5.16E-17,IFE spinous 3,HMGCS1
GJB51,4.99E-20,0.278685312,0.852,0.439,9.97E-17,IFE spinous 3,GJB5
BDH1,9.09E-20,0.25863933,0.727,0.312,1.82E-16,IFE spinous 3,BDH1
DSC1,3.75E-19,0.405150907,0.722,0.328,7.49E-16,IFE spinous 3,DSC1
CENPP1,5.64E-19,0.270832275,0.71,0.27,1.13E-15,IFE spinous 3,CENPP
CKMT1A1,1.09E-18,0.299083993,0.818,0.365,2.18E-15,IFE spinous 3,CKMT1A
GSTA31,2.18E-18,0.250321217,0.619,0.149,4.36E-15,IFE spinous 3,GSTA3
KLF31,5.53E-18,0.311619973,0.812,0.437,1.11E-14,IFE spinous 3,KLF3
TMEM45B,3.52E-17,0.367580755,0.648,0.184,7.04E-14,IFE spinous 3,TMEM45B
UCHL3,4.53E-17,0.263908408,0.903,0.516,9.05E-14,IFE spinous 3,UCHL3
DEGS21,1.14E-16,0.392398802,0.631,0.224,2.29E-13,IFE spinous 3,DEGS2
CARD181,1.50E-16,0.298168686,0.881,0.474,3.01E-13,IFE spinous 3,CARD18
C19orf331,2.12E-16,0.321314343,0.773,0.324,4.23E-13,IFE spinous 3,C19orf33
CASP141,3.20E-16,0.266333788,0.682,0.257,6.40E-13,IFE spinous 3,CASP14
NOL3,2.22E-15,0.266735721,0.778,0.39,4.44E-12,IFE spinous 3,NOL3
MGST13,2.28E-15,0.297520884,0.818,0.544,4.56E-12,IFE spinous 3,MGST1
UBR4,8.28E-15,0.371392341,0.722,0.35,1.66E-11,IFE spinous 3,UBR4
LY6G6C,2.64E-14,0.337804259,0.75,0.306,5.29E-11,IFE spinous 3,LY6G6C
CA22,6.78E-13,0.30531487,0.778,0.426,1.36E-09,IFE spinous 3,CA2
SCEL1,3.82E-12,0.392372447,0.631,0.261,7.64E-09,IFE spinous 3,SCEL
SPRR1A,1.85E-10,0.369639399,0.517,0.246,3.71E-07,IFE spinous 3,SPRR1A
IVL,2.18E-10,0.252263651,0.58,0.295,4.35E-07,IFE spinous 3,IVL
PYDC1,2.91E-10,0.356758796,0.511,0.186,5.81E-07,IFE spinous 3,PYDC1
CNFN,0.000782126,0.280500448,0.352,0.228,1,IFE spinous 3,CNFN
CALML34,1.79E-127,1.759530452,1,0.817,3.58E-124,IFE granular,CALML3
KRT6B2,4.46E-102,2.373065333,1,0.615,8.93E-99,IFE granular,KRT6B
KRT6A2,5.82E-77,2.115083858,1,0.574,1.16E-73,IFE granular,KRT6A
LYPD34,7.25E-73,1.22587654,1,0.633,1.45E-69,IFE granular,LYPD3
FABP55,4.21E-69,0.825914733,1,0.84,8.43E-66,IFE granular,FABP5
TACSTD25,1.04E-65,0.897926867,1,0.785,2.08E-62,IFE granular,TACSTD2
SBSN2,1.22E-64,2.027028648,1,0.452,2.44E-61,IFE granular,SBSN
PKP14,6.45E-62,0.809804077,1,0.616,1.29E-58,IFE granular,PKP1
S100A164,3.09E-61,0.815132773,1,0.855,6.18E-58,IFE granular,S100A16
S100A114,6.73E-60,0.728281307,1,0.898,1.35E-56,IFE granular,S100A11
GSTP15,7.85E-60,0.61479955,1,0.94,1.57E-56,IFE granular,GSTP1
ACTN11,6.29E-58,0.788930569,0.984,0.689,1.26E-54,IFE granular,ACTN1
CREG13,2.40E-57,1.152505959,0.984,0.696,4.80E-54,IFE granular,CREG1
DMKN4,1.77E-55,1.446218701,1,0.767,3.53E-52,IFE granular,DMKN
S100A144,2.17E-54,0.721106595,1,0.892,4.33E-51,IFE granular,S100A14
SDC12,2.87E-53,0.879695876,1,0.804,5.74E-50,IFE granular,SDC1
YWHAQ1,3.23E-53,0.739179457,1,0.881,6.45E-50,IFE granular,YWHAQ
DSP4,6.60E-49,0.81740652,0.992,0.823,1.32E-45,IFE granular,DSP
KRT161,8.54E-49,1.965691171,0.992,0.616,1.71E-45,IFE granular,KRT16
CRABP23,2.91E-47,0.804490663,0.984,0.544,5.82E-44,IFE granular,CRABP2
LGALS7B4,3.12E-47,0.78591199,0.992,0.789,6.24E-44,IFE granular,LGALS7B
HSPB12,5.32E-47,0.598278545,1,0.974,1.06E-43,IFE granular,HSPB1
TMSB4X2,1.13E-46,0.713658709,1,0.978,2.25E-43,IFE granular,TMSB4X
NDRG22,1.53E-45,0.940546014,0.984,0.623,3.07E-42,IFE granular,NDRG2
CTNNBIP12,2.76E-45,0.76216467,0.992,0.631,5.52E-42,IFE granular,CTNNBIP1
CALML52,1.06E-44,2.487227977,1,0.57,2.12E-41,IFE granular,CALML5
TUBA4A5,2.94E-44,0.776163546,0.992,0.65,5.87E-41,IFE granular,TUBA4A
IFFO21,7.03E-43,0.813639774,0.961,0.402,1.41E-39,IFE granular,IFFO2
GATM2,1.01E-42,0.743196399,0.992,0.527,2.02E-39,IFE granular,GATM
CASP142,9.70E-42,0.745721791,0.961,0.254,1.94E-38,IFE granular,CASP14
CST62,6.33E-41,3.948627554,0.992,0.504,1.27E-37,IFE granular,CST6
HEBP23,1.93E-39,0.752811367,0.992,0.682,3.86E-36,IFE granular,HEBP2
CLDN12,2.35E-39,0.664132484,0.992,0.611,4.70E-36,IFE granular,CLDN1
GJA13,1.59E-38,0.642012527,0.984,0.749,3.18E-35,IFE granular,GJA1
CDKN1A,2.43E-38,0.517268257,0.992,0.724,4.85E-35,IFE granular,CDKN1A
SFN4,7.09E-38,0.416125148,1,0.835,1.42E-34,IFE granular,SFN
CAPNS21,9.71E-38,0.449508709,1,0.738,1.94E-34,IFE granular,CAPNS2
CARD182,1.93E-37,1.263458192,0.938,0.477,3.85E-34,IFE granular,CARD18
AHNAK1,1.98E-37,0.613351039,0.992,0.801,3.96E-34,IFE granular,AHNAK
SMCO41,2.17E-37,0.565831039,0.93,0.334,4.35E-34,IFE granular,SMCO4
RHOV4,3.45E-37,0.419249847,1,0.548,6.90E-34,IFE granular,RHOV
DBI3,1.36E-36,0.658870435,0.992,0.794,2.72E-33,IFE granular,DBI
TPM14,3.29E-36,1.073922772,0.984,0.622,6.59E-33,IFE granular,TPM1
GJB23,1.72E-34,0.784725577,0.977,0.643,3.44E-31,IFE granular,GJB2
CYB5A2,7.24E-34,0.488777561,0.977,0.63,1.45E-30,IFE granular,CYB5A
TM4SF11,1.59E-33,0.686525395,0.984,0.63,3.18E-30,IFE granular,TM4SF1
GJB62,3.33E-33,0.363885603,0.984,0.677,6.67E-30,IFE granular,GJB6
LGALS74,3.61E-33,0.479023589,0.984,0.728,7.22E-30,IFE granular,LGALS7
BBOX11,4.14E-33,0.684842541,0.938,0.348,8.29E-30,IFE granular,BBOX1
GSN3,4.50E-33,0.497838801,0.992,0.841,8.99E-30,IFE granular,GSN
FAM83A1,8.17E-33,0.597872471,0.891,0.333,1.63E-29,IFE granular,FAM83A
PYCARD2,2.26E-32,0.566686195,0.977,0.707,4.52E-29,IFE granular,PYCARD
APOE2,4.11E-32,0.485678945,1,0.89,8.23E-29,IFE granular,APOE
NAGK3,5.11E-32,0.537842397,0.969,0.529,1.02E-28,IFE granular,NAGK
LAD13,6.60E-32,0.498895015,0.938,0.547,1.32E-28,IFE granular,LAD1
CSTB2,9.23E-32,1.396258073,1,0.868,1.85E-28,IFE granular,CSTB
IL20RB3,9.99E-32,0.65312516,0.938,0.499,2.00E-28,IFE granular,IL20RB
PALLD3,1.27E-31,0.613508353,0.969,0.647,2.55E-28,IFE granular,PALLD
EMP23,3.47E-31,0.555794218,1,0.825,6.94E-28,IFE granular,EMP2
KCNK73,8.01E-31,0.633749274,0.938,0.482,1.60E-27,IFE granular,KCNK7
GGT62,1.08E-30,0.595429537,0.891,0.361,2.16E-27,IFE granular,GGT6
RBP14,1.64E-30,0.626534011,0.969,0.671,3.28E-27,IFE granular,RBP1
SOX91,5.76E-30,0.576066484,0.953,0.496,1.15E-26,IFE granular,SOX9
DYNLT31,7.13E-30,0.522334462,0.938,0.392,1.43E-26,IFE granular,DYNLT3
CRYAB4,8.93E-30,0.550615824,0.961,0.625,1.79E-26,IFE granular,CRYAB
TMSB102,1.12E-29,0.517399919,1,0.961,2.24E-26,IFE granular,TMSB10
RAB254,1.23E-29,0.65911891,0.961,0.635,2.47E-26,IFE granular,RAB25
GJB52,2.00E-29,0.523804659,0.915,0.441,4.00E-26,IFE granular,GJB5
CLDN41,3.89E-29,1.156169759,0.899,0.318,7.78E-26,IFE granular,CLDN4
HOPX2,7.45E-29,0.530499571,0.969,0.583,1.49E-25,IFE granular,HOPX
CSTA3,1.60E-28,0.84653964,0.961,0.599,3.20E-25,IFE granular,CSTA
TUBB61,3.43E-28,0.444401821,0.938,0.589,6.86E-25,IFE granular,TUBB6
KLK12,2.24E-27,0.64731407,0.884,0.384,4.47E-24,IFE granular,KLK1
CKB2,2.66E-27,0.644407731,0.891,0.489,5.32E-24,IFE granular,CKB
CMTM6,3.22E-27,0.61232156,0.977,0.578,6.44E-24,IFE granular,CMTM6
SH3BGRL33,4.46E-27,0.581983919,0.992,0.873,8.91E-24,IFE granular,SH3BGRL3
COX8A2,1.51E-26,0.494678355,1,0.881,3.02E-23,IFE granular,COX8A
CYB5R21,3.82E-26,0.498466084,0.868,0.362,7.63E-23,IFE granular,CYB5R2
LCE1C,5.00E-26,0.858224121,0.86,0.284,9.99E-23,IFE granular,LCE1C
FAM84A1,9.89E-26,0.366288028,0.93,0.468,1.98E-22,IFE granular,FAM84A
AK1,1.12E-25,0.384829162,0.915,0.465,2.23E-22,IFE granular,AK1
ALDH3B22,1.82E-25,0.473092518,0.853,0.429,3.64E-22,IFE granular,ALDH3B2
DSG13,2.29E-25,0.61490078,0.915,0.422,4.58E-22,IFE granular,DSG1
YBX33,4.42E-25,0.378335916,0.984,0.786,8.85E-22,IFE granular,YBX3
CDKN2B2,5.93E-25,0.686839369,0.915,0.319,1.19E-21,IFE granular,CDKN2B
SPTSSB1,3.42E-24,0.566813664,0.884,0.377,6.83E-21,IFE granular,SPTSSB
CWH43,6.22E-24,0.478227906,0.884,0.301,1.24E-20,IFE granular,CWH43
RNH12,2.71E-23,0.279282213,0.984,0.817,5.42E-20,IFE granular,RNH1
TMEM45A4,3.49E-23,1.520528872,0.891,0.632,6.98E-20,IFE granular,TMEM45A
C9orf163,3.89E-23,0.62855997,0.984,0.795,7.78E-20,IFE granular,C9orf16
C5orf461,7.43E-23,0.792391729,0.829,0.315,1.49E-19,IFE granular,C5orf46
SUSD41,2.84E-22,0.40533657,0.814,0.368,5.67E-19,IFE granular,SUSD4
PMVK,3.58E-22,0.252132539,0.992,0.711,7.16E-19,IFE granular,PMVK
TRAPPC81,4.06E-22,0.494638905,0.845,0.332,8.13E-19,IFE granular,TRAPPC8
CHMP4B1,5.63E-22,0.495496366,0.961,0.647,1.13E-18,IFE granular,CHMP4B
KRT6C2,6.72E-22,1.223624563,0.845,0.377,1.34E-18,IFE granular,KRT6C
CIDEA2,6.87E-22,0.774098647,0.767,0.341,1.37E-18,IFE granular,CIDEA
CLCA23,1.04E-21,0.490626249,0.938,0.446,2.08E-18,IFE granular,CLCA2
RASD11,1.18E-21,0.605066862,0.922,0.581,2.36E-18,IFE granular,RASD1
ANKRD222,1.49E-21,0.371121141,0.853,0.389,2.97E-18,IFE granular,ANKRD22
DSC22,2.09E-21,0.653574965,0.915,0.432,4.18E-18,IFE granular,DSC2
PPP1R14B3,2.12E-21,0.332470652,0.915,0.525,4.23E-18,IFE granular,PPP1R14B
TSPAN51,2.24E-21,0.361264792,0.853,0.349,4.48E-18,IFE granular,TSPAN5
GSTA43,2.31E-21,0.430023697,0.915,0.545,4.62E-18,IFE granular,GSTA4
C6orf1321,2.74E-21,0.286517889,0.915,0.52,5.47E-18,IFE granular,C6orf132
MYO101,6.73E-21,0.319643252,0.922,0.506,1.35E-17,IFE granular,MYO10
ACP53,9.16E-21,0.314400248,0.915,0.525,1.83E-17,IFE granular,ACP5
GMDS1,1.24E-20,0.404400876,0.868,0.436,2.48E-17,IFE granular,GMDS
PHLDA23,2.07E-20,0.659773204,0.891,0.528,4.15E-17,IFE granular,PHLDA2
IER34,2.20E-20,0.329021601,0.984,0.84,4.41E-17,IFE granular,IER3
GLTP2,4.99E-20,0.405177261,0.946,0.596,9.98E-17,IFE granular,GLTP
C4orf31,6.51E-20,0.451296051,0.992,0.826,1.30E-16,IFE granular,C4orf3
ANK3,6.90E-20,0.38540006,0.837,0.324,1.38E-16,IFE granular,ANK3
ABLIM1,1.43E-19,0.431573372,0.884,0.507,2.87E-16,IFE granular,ABLIM1
CTSC2,3.73E-19,0.398537675,0.93,0.53,7.45E-16,IFE granular,CTSC
CTSD2,4.27E-19,0.508666964,1,0.804,8.53E-16,IFE granular,CTSD
ZNF7502,8.20E-19,0.374660258,0.822,0.39,1.64E-15,IFE granular,ZNF750
PDCD43,9.07E-19,0.39117226,0.953,0.596,1.81E-15,IFE granular,PDCD4
HOMER1,1.09E-18,0.383173475,0.845,0.358,2.17E-15,IFE granular,HOMER1
EFNB21,1.68E-18,0.322742631,0.814,0.42,3.36E-15,IFE granular,EFNB2
HBEGF3,1.70E-18,0.513524233,0.891,0.52,3.41E-15,IFE granular,HBEGF
SDCBP22,1.74E-18,0.461017816,0.806,0.31,3.49E-15,IFE granular,SDCBP2
RAB11A1,2.46E-18,0.418170853,0.977,0.723,4.91E-15,IFE granular,RAB11A
EHF4,4.60E-18,0.409485586,0.891,0.494,9.19E-15,IFE granular,EHF
SLC39A8,5.13E-18,0.254188652,0.837,0.303,1.03E-14,IFE granular,SLC39A8
TMEM402,6.34E-18,0.372360283,0.76,0.345,1.27E-14,IFE granular,TMEM40
SREBF1,1.24E-17,0.369770403,0.775,0.38,2.47E-14,IFE granular,SREBF1
PLIN2,1.24E-17,0.559532778,0.868,0.507,2.48E-14,IFE granular,PLIN2
GRHL1,1.27E-17,0.376717688,0.775,0.379,2.53E-14,IFE granular,GRHL1
PDZRN31,2.31E-17,0.682555241,0.822,0.247,4.63E-14,IFE granular,PDZRN3
KLK71,4.67E-17,1.376202742,0.698,0.24,9.34E-14,IFE granular,KLK7
ENDOU,4.89E-17,0.66558648,0.729,0.151,9.77E-14,IFE granular,ENDOU
TRIM162,5.56E-17,0.385838587,0.767,0.379,1.11E-13,IFE granular,TRIM16
PARM11,6.04E-17,0.409520465,0.783,0.315,1.21E-13,IFE granular,PARM1
PLA2G161,8.10E-17,0.44748364,0.698,0.255,1.62E-13,IFE granular,PLA2G16
PPFIBP22,1.08E-16,0.312021263,0.822,0.354,2.16E-13,IFE granular,PPFIBP2
UCHL31,1.15E-16,0.265843073,0.907,0.519,2.29E-13,IFE granular,UCHL3
ANXA31,1.34E-16,0.390516873,0.822,0.381,2.68E-13,IFE granular,ANXA3
CA23,1.72E-16,0.709567358,0.86,0.427,3.43E-13,IFE granular,CA2
ELOVL6,1.85E-16,0.282046438,0.767,0.33,3.69E-13,IFE granular,ELOVL6
NELL21,3.31E-16,0.3106928,0.775,0.283,6.62E-13,IFE granular,NELL2
VSNL12,4.53E-16,0.251199937,0.961,0.612,9.07E-13,IFE granular,VSNL1
UBR41,5.29E-16,0.652965867,0.798,0.351,1.06E-12,IFE granular,UBR4
IVL1,1.44E-15,0.57598266,0.775,0.292,2.89E-12,IFE granular,IVL
SLC40A12,1.98E-15,0.358130193,0.86,0.42,3.95E-12,IFE granular,SLC40A1
SULT2B11,2.21E-15,0.408490834,0.752,0.285,4.42E-12,IFE granular,SULT2B1
CLIC32,3.17E-15,0.663605672,0.775,0.331,6.35E-12,IFE granular,CLIC3
ABHD5,3.19E-15,0.351935221,0.891,0.524,6.38E-12,IFE granular,ABHD5
SPRR1B2,3.37E-15,2.449576808,0.729,0.341,6.75E-12,IFE granular,SPRR1B
IP6K2,5.79E-15,0.294199283,0.946,0.671,1.16E-11,IFE granular,IP6K2
PDLIM21,6.06E-15,0.280551523,0.891,0.542,1.21E-11,IFE granular,PDLIM2
OVOL12,6.35E-15,0.328566318,0.915,0.566,1.27E-11,IFE granular,OVOL1
CA6,7.19E-15,0.86657312,0.682,0.155,1.44E-11,IFE granular,CA6
LY6G6C1,9.62E-15,0.827065919,0.798,0.309,1.92E-11,IFE granular,LY6G6C
EPHX32,1.01E-14,0.424252017,0.69,0.302,2.03E-11,IFE granular,EPHX3
HSPA21,1.92E-14,0.294962683,0.969,0.654,3.85E-11,IFE granular,HSPA2
RDH121,2.26E-14,0.253495887,0.721,0.341,4.52E-11,IFE granular,RDH12
MAPKAPK3,2.70E-14,0.296879168,0.791,0.403,5.39E-11,IFE granular,MAPKAPK3
DDIT41,3.19E-14,0.331621449,0.961,0.646,6.37E-11,IFE granular,DDIT4
APPL2,3.22E-14,0.315925203,0.806,0.35,6.43E-11,IFE granular,APPL2
ADTRP,3.54E-14,0.299259387,0.798,0.36,7.09E-11,IFE granular,ADTRP
DHCR24,4.68E-14,0.263436939,0.868,0.523,9.36E-11,IFE granular,DHCR24
SPINK52,5.43E-14,1.793435836,0.76,0.434,1.09E-10,IFE granular,SPINK5
IMPA26,8.62E-14,0.477048377,0.953,0.679,1.72E-10,IFE granular,IMPA2
IL18,2.14E-13,0.402254937,0.783,0.402,4.29E-10,IFE granular,IL18
KRT172,2.38E-13,0.547162477,0.798,0.299,4.75E-10,IFE granular,KRT17
MSMO1,4.23E-13,0.327022458,0.783,0.406,8.46E-10,IFE granular,MSMO1
ZG16B1,5.09E-13,0.314336483,0.806,0.38,1.02E-09,IFE granular,ZG16B
GAN,6.20E-13,0.287544545,0.76,0.363,1.24E-09,IFE granular,GAN
SLC39A21,7.35E-13,0.333673571,0.705,0.295,1.47E-09,IFE granular,SLC39A2
PDZK1IP14,7.80E-13,0.710288125,0.752,0.426,1.56E-09,IFE granular,PDZK1IP1
NUCB22,8.54E-13,0.304482903,0.868,0.525,1.71E-09,IFE granular,NUCB2
PDLIM41,1.48E-12,0.434685764,0.853,0.546,2.97E-09,IFE granular,PDLIM4
SPRR1A1,1.82E-12,2.209153745,0.643,0.245,3.65E-09,IFE granular,SPRR1A
FLNB1,1.85E-12,0.327068205,0.783,0.459,3.70E-09,IFE granular,FLNB
ROPN1,2.58E-12,0.367987051,0.628,0.117,5.17E-09,IFE granular,ROPN1
KLK112,3.53E-12,0.702140883,0.636,0.289,7.05E-09,IFE granular,KLK11
GGCT2,3.58E-12,0.270616531,0.938,0.654,7.16E-09,IFE granular,GGCT
FAM46B,3.77E-12,0.255771576,0.775,0.385,7.53E-09,IFE granular,FAM46B
SH3KBP1,5.10E-12,0.353457407,0.62,0.184,1.02E-08,IFE granular,SH3KBP1
FRMD4B,1.14E-11,0.313459832,0.845,0.456,2.28E-08,IFE granular,FRMD4B
PDK4,1.51E-11,0.404728421,0.729,0.313,3.01E-08,IFE granular,PDK4
TCF123,1.66E-11,0.294311316,0.814,0.45,3.33E-08,IFE granular,TCF12
SMAP1,2.00E-11,0.263640233,0.791,0.466,3.99E-08,IFE granular,SMAP1
RARRES1,2.57E-11,0.887454785,0.566,0.196,5.14E-08,IFE granular,RARRES1
NEAT14,2.98E-11,0.349171946,0.946,0.76,5.96E-08,IFE granular,NEAT1
H2AFJ2,5.66E-11,0.286786618,0.868,0.54,1.13E-07,IFE granular,H2AFJ
DEFB13,7.87E-11,0.560556046,0.876,0.481,1.57E-07,IFE granular,DEFB1
RTCB1,1.17E-10,0.295242563,0.907,0.61,2.34E-07,IFE granular,RTCB
S100A13,1.40E-10,0.671315581,0.62,0.238,2.81E-07,IFE granular,S100A1
TMPRSS11E,1.80E-10,0.266369072,0.581,0.172,3.59E-07,IFE granular,TMPRSS11E
CTSV,1.92E-10,0.976510557,0.643,0.315,3.83E-07,IFE granular,CTSV
ABRACL3,2.44E-10,0.348421052,0.946,0.754,4.89E-07,IFE granular,ABRACL
CD1092,3.00E-10,0.311058121,0.829,0.458,6.00E-07,IFE granular,CD109
COMTD12,3.85E-10,0.301585204,0.845,0.596,7.70E-07,IFE granular,COMTD1
ABCA12,4.56E-10,0.270433621,0.581,0.239,9.13E-07,IFE granular,ABCA12
GADD45A,8.47E-10,0.261629246,0.891,0.562,1.69E-06,IFE granular,GADD45A
LINC00511,1.20E-09,0.2554817,0.682,0.325,2.39E-06,IFE granular,LINC00511
CHI3L22,6.02E-09,0.43032086,0.589,0.308,1.20E-05,IFE granular,CHI3L2
KRTDAP3,1.30E-08,1.242191368,0.876,0.574,2.61E-05,IFE granular,KRTDAP
AGR2,1.85E-08,0.416291435,0.643,0.207,3.69E-05,IFE granular,AGR2
C15orf48,5.08E-07,0.745204158,0.519,0.249,0.001015479,IFE granular,C15orf48
PYDC11,2.73E-06,0.261945762,0.457,0.19,0.005466073,IFE granular,PYDC1
IGFL21,3.77E-06,1.27617708,0.442,0.231,0.007539397,IFE granular,IGFL2
SPRR4,7.97E-06,1.914013728,0.488,0.19,0.015943515,IFE granular,SPRR4
SPRR2D,9.24E-06,1.085104012,0.605,0.215,0.018470448,IFE granular,SPRR2D
KLK51,9.96E-06,0.286023123,0.543,0.314,0.019911181,IFE granular,KLK5
UNC5B-AS11,1.23E-05,0.383059334,0.519,0.196,0.024659918,IFE granular,UNC5B-AS1
KRT144,0.000135939,0.510252761,1,0.955,0.27187769,IFE granular,KRT14
S100A22,0.008219935,0.500994159,0.984,0.912,1,IFE granular,S100A2
B2M3,5.05E-81,2.138251714,1,0.963,1.01E-77,immune,B2M
MALAT13,2.46E-68,1.448316872,1,0.988,4.93E-65,immune,MALAT1
HLA-B2,6.04E-52,2.059803529,0.967,0.887,1.21E-48,immune,HLA-B
VIM1,9.46E-50,1.487964641,0.927,0.544,1.89E-46,immune,VIM
S100A4,3.04E-49,2.74393252,0.894,0.537,6.08E-46,immune,S100A4
SRGN,7.06E-47,2.981087983,0.886,0.241,1.41E-43,immune,SRGN
CD52,2.22E-43,2.585171163,0.846,0.219,4.45E-40,immune,CD52
CD69,4.00E-39,3.466994866,0.862,0.184,8.00E-36,immune,CD69
TMSB4X3,7.61E-35,0.986266562,1,0.978,1.52E-31,immune,TMSB4X
ARHGDIB1,1.38E-32,2.187975495,0.764,0.337,2.75E-29,immune,ARHGDIB
KLF62,1.95E-30,1.973128909,0.919,0.824,3.90E-27,immune,KLF6
RGS1,7.91E-28,2.303386027,0.707,0.232,1.58E-24,immune,RGS1
TSC22D31,6.27E-27,2.283265277,0.74,0.379,1.25E-23,immune,TSC22D3
NR4A21,4.78E-26,2.002552936,0.772,0.455,9.55E-23,immune,NR4A2
TNFAIP31,7.62E-24,1.860720115,0.772,0.52,1.52E-20,immune,TNFAIP3
BIRC31,6.82E-23,1.855917569,0.699,0.31,1.36E-19,immune,BIRC3
CYBA2,6.94E-23,1.525382865,0.829,0.709,1.39E-19,immune,CYBA
RGCC1,9.93E-23,2.123617276,0.732,0.368,1.99E-19,immune,RGCC
ZNF331,2.27E-21,1.879693125,0.724,0.434,4.55E-18,immune,ZNF331
CREM,6.88E-20,1.710487198,0.667,0.419,1.38E-16,immune,CREM
GMFG1,9.97E-20,1.449782857,0.61,0.184,1.99E-16,immune,GMFG
HLA-E1,5.02E-19,1.117865579,0.878,0.872,1.00E-15,immune,HLA-E
EMP33,2.84E-18,1.124406648,0.805,0.586,5.68E-15,immune,EMP3
DDIT42,1.63E-17,1.700581145,0.756,0.652,3.25E-14,immune,DDIT4
RORA2,2.49E-17,1.533190635,0.675,0.44,4.98E-14,immune,RORA
CD74,2.53E-15,0.424893734,0.691,0.412,5.06E-12,immune,CD74
ANXA13,3.31E-15,1.311268302,0.854,0.824,6.62E-12,immune,ANXA1
IFITM21,4.01E-15,1.143716321,0.569,0.331,8.02E-12,immune,IFITM2
ID23,5.22E-15,1.324021041,0.764,0.708,1.04E-11,immune,ID2
STK17B,8.80E-15,1.363686882,0.585,0.252,1.76E-11,immune,STK17B
RGS2,8.53E-14,1.27012155,0.642,0.46,1.71E-10,immune,RGS2
PHLDA12,3.85E-13,1.291653652,0.675,0.538,7.70E-10,immune,PHLDA1
IDS,7.66E-13,1.228742835,0.593,0.361,1.53E-09,immune,IDS
SAT12,9.96E-13,0.988626508,0.772,0.585,1.99E-09,immune,SAT1
FTH13,5.01E-12,0.764737818,0.992,0.977,1.00E-08,immune,FTH1
MCL1,5.82E-11,1.221780284,0.74,0.777,1.16E-07,immune,MCL1
CKLF,1.68E-10,0.998481123,0.48,0.37,3.37E-07,immune,CKLF
DUSP21,6.21E-10,1.409142156,0.642,0.543,1.24E-06,immune,DUSP2
CSRNP1,1.02E-09,1.171922065,0.65,0.653,2.05E-06,immune,CSRNP1
LEPROTL1,1.42E-09,1.016679447,0.472,0.456,2.84E-06,immune,LEPROTL1
TMSB103,4.46E-09,0.60165987,0.927,0.962,8.92E-06,immune,TMSB10
BIN21,7.68E-09,0.717731551,0.472,0.17,1.54E-05,immune,BIN2
EMB,1.06E-08,0.535514186,0.463,0.218,2.12E-05,immune,EMB
FAM129A,1.44E-08,0.829066879,0.504,0.252,2.88E-05,immune,FAM129A
STK17A2,1.45E-08,0.896485113,0.577,0.537,2.91E-05,immune,STK17A
CD83,2.84E-08,0.548115829,0.496,0.341,5.68E-05,immune,CD83
CLEC2B2,2.86E-08,0.826830163,0.504,0.318,5.72E-05,immune,CLEC2B
HLA-F,3.09E-08,0.803328387,0.488,0.35,6.18E-05,immune,HLA-F
REL,4.30E-07,0.904723497,0.626,0.634,0.000859966,immune,REL
S100A62,5.19E-07,0.29867431,0.943,0.946,0.001038494,immune,S100A6
ISG20,6.01E-07,0.718680739,0.35,0.277,0.001202382,immune,ISG20
ZC3HAV1,7.69E-07,0.851654129,0.472,0.34,0.001538876,immune,ZC3HAV1
TNF,1.27E-06,0.900941116,0.293,0.305,0.002539413,immune,TNF
PDE4B,1.60E-06,0.681063439,0.439,0.256,0.003197065,immune,PDE4B
SF1,2.20E-06,0.771993313,0.634,0.671,0.004400525,immune,SF1
CYLD,2.23E-06,0.548206807,0.472,0.436,0.004454141,immune,CYLD
RNASET21,3.20E-06,0.719348191,0.463,0.495,0.006396576,immune,RNASET2
DNAJB92,3.70E-06,0.574216831,0.545,0.516,0.007405266,immune,DNAJB9
CDC42SE2,5.97E-06,0.667237787,0.488,0.399,0.011936073,immune,CDC42SE2
SH3KBP11,1.03E-05,0.614874885,0.309,0.192,0.020678558,immune,SH3KBP1
HSPA52,1.35E-05,0.829338638,0.78,0.855,0.026938001,immune,HSPA5
IQGAP2,1.51E-05,0.513113898,0.415,0.182,0.030247878,immune,IQGAP2
SH3BGRL34,2.21E-05,0.68299603,0.772,0.878,0.044170069,immune,SH3BGRL3
DUSP10,2.23E-05,0.655354003,0.496,0.4,0.044679255,immune,DUSP10
INSIG1,3.27E-05,0.442143831,0.447,0.39,0.065491495,immune,INSIG1
CCDC167,3.68E-05,0.503901812,0.48,0.401,0.073576366,immune,CCDC167
RGS101,5.27E-05,0.56583878,0.333,0.426,0.105339492,immune,RGS10
PNRC12,6.61E-05,0.65050817,0.813,0.909,0.132274265,immune,PNRC1
CTSH1,8.50E-05,0.626539023,0.268,0.351,0.169928424,immune,CTSH
CLU,9.46E-05,0.556499858,0.447,0.309,0.189293021,immune,CLU
HERPUD11,0.000103846,0.871246311,0.675,0.778,0.20769131,immune,HERPUD1
SLC38A1,0.000129166,0.590170445,0.472,0.396,0.258332839,immune,SLC38A1
THAP2,0.000159082,0.379296549,0.439,0.379,0.318163403,immune,THAP2
ODF2L1,0.000187125,0.510392208,0.463,0.451,0.374249219,immune,ODF2L
ELOVL5,0.000217958,0.456574192,0.341,0.302,0.435915781,immune,ELOVL5
USP15,0.000256187,0.679085591,0.455,0.462,0.512374958,immune,USP15
TIMP13,0.000269011,0.57473415,0.528,0.463,0.538021674,immune,TIMP1
DOCK8,0.000282866,0.3858016,0.374,0.215,0.565732542,immune,DOCK8
GLRX,0.000511691,0.382415394,0.341,0.253,1,immune,GLRX
JMJD1C,0.000610051,0.568652862,0.528,0.587,1,immune,JMJD1C
G3BP2,0.000748113,0.591548624,0.455,0.431,1,immune,G3BP2
JMJD6,0.000767012,0.434572152,0.472,0.448,1,immune,JMJD6
JUND1,0.000989322,0.747290964,0.569,0.641,1,immune,JUND
SP110,0.001081592,0.411291713,0.431,0.328,1,immune,SP110
CITED22,0.001517513,0.815066472,0.415,0.575,1,immune,CITED2
TBCC,0.001814731,0.444302911,0.407,0.447,1,immune,TBCC
PLIN21,0.002072663,0.576437175,0.382,0.519,1,immune,PLIN2
TNFAIP8,0.002358485,0.455466217,0.455,0.468,1,immune,TNFAIP8
C4orf481,0.002491183,0.512396594,0.187,0.214,1,immune,C4orf48
CLK1,0.002591332,0.527892385,0.602,0.707,1,immune,CLK1
PSMB9,0.002663672,0.460865673,0.325,0.405,1,immune,PSMB9
ODC12,0.002895771,0.390380475,0.463,0.471,1,immune,ODC1
XBP1,0.003016783,0.568911307,0.553,0.611,1,immune,XBP1
TMF1,0.003018484,0.392838351,0.463,0.515,1,immune,TMF1
CKS21,0.003041899,0.404437297,0.504,0.54,1,immune,CKS2
AAED11,0.003098187,0.296567795,0.358,0.326,1,immune,AAED1
GATA3,0.003254024,0.656642159,0.472,0.648,1,immune,GATA3
USP16,0.003771716,0.551028529,0.52,0.622,1,immune,USP16
GPBP1,0.004403307,0.384797393,0.569,0.658,1,immune,GPBP1
EHD4,0.00494294,0.579324711,0.26,0.419,1,immune,EHD4
HLA-DRB1,0.006345787,0.332018595,0.325,0.18,1,immune,HLA-DRB1
N4BP2L21,0.006883711,0.696622114,0.569,0.696,1,immune,N4BP2L2
TUBA4A6,0.008020245,0.558376446,0.593,0.66,1,immune,TUBA4A
AKAP8,0.008247404,0.29357811,0.415,0.386,1,immune,AKAP8
VIM2,5.98E-92,2.33523708,1,0.545,1.20E-88,endothelial,VIM
B2M4,6.96E-92,1.483135414,1,0.964,1.39E-88,endothelial,B2M
CD741,6.87E-58,2.441620227,0.989,0.408,1.37E-54,endothelial,CD74
HLA-B3,5.90E-57,1.607180773,1,0.886,1.18E-53,endothelial,HLA-B
TMSB4X4,1.18E-55,1.163285436,1,0.978,2.35E-52,endothelial,TMSB4X
SPARCL1,7.49E-52,3.176895582,0.957,0.225,1.50E-48,endothelial,SPARCL1
IFITM34,2.00E-50,2.12848808,0.978,0.707,3.99E-47,endothelial,IFITM3
TMSB104,6.26E-47,1.275624877,0.989,0.961,1.25E-43,endothelial,TMSB10
IFI271,2.16E-46,3.262859687,0.968,0.201,4.31E-43,endothelial,IFI27
GNG111,2.40E-45,2.736242626,0.957,0.346,4.80E-42,endothelial,GNG11
HLA-DRA,9.20E-45,1.720085776,0.946,0.305,1.84E-41,endothelial,HLA-DRA
HLA-E2,4.33E-44,1.764115516,0.978,0.87,8.66E-41,endothelial,HLA-E
ADIRF2,1.27E-41,2.684156087,0.946,0.511,2.53E-38,endothelial,ADIRF
NPDC1,8.87E-40,2.096452913,0.935,0.505,1.77E-36,endothelial,NPDC1
IFITM22,1.95E-39,2.331085116,0.935,0.326,3.91E-36,endothelial,IFITM2
RAMP2,1.22E-37,2.591544233,0.925,0.282,2.43E-34,endothelial,RAMP2
HLA-DRB11,6.42E-35,1.744096544,0.871,0.171,1.28E-31,endothelial,HLA-DRB1
CST31,7.25E-34,1.528835569,0.935,0.735,1.45E-30,endothelial,CST3
CLU1,1.70E-32,3.075175933,0.871,0.302,3.40E-29,endothelial,CLU
TM4SF12,1.81E-30,1.96681415,0.957,0.633,3.61E-27,endothelial,TM4SF1
IGFBP73,2.00E-28,1.705846761,0.903,0.551,4.01E-25,endothelial,IGFBP7
HLA-DPA1,3.16E-28,1.42171846,0.828,0.287,6.31E-25,endothelial,HLA-DPA1
HLA-DPB1,1.98E-27,1.239962565,0.828,0.274,3.96E-24,endothelial,HLA-DPB1
TIMP14,1.52E-24,1.210329704,0.86,0.457,3.04E-21,endothelial,TIMP1
CAV14,2.19E-24,0.965029225,0.978,0.727,4.38E-21,endothelial,CAV1
CTSH2,3.74E-24,1.507878988,0.806,0.341,7.48E-21,endothelial,CTSH
S100A63,2.88E-23,0.761168646,0.989,0.945,5.76E-20,endothelial,S100A6
NEAT15,1.64E-22,0.960064243,0.935,0.761,3.29E-19,endothelial,NEAT1
VAMP51,2.72E-22,1.381951485,0.753,0.304,5.44E-19,endothelial,VAMP5
HLA-DRB5,1.85E-21,1.276801584,0.763,0.135,3.71E-18,endothelial,HLA-DRB5
ITM2B3,1.26E-20,0.947260644,0.978,0.941,2.52E-17,endothelial,ITM2B
LGALS32,1.45E-20,0.681743933,0.978,0.907,2.90E-17,endothelial,LGALS3
RHOC1,1.43E-19,1.011835598,0.871,0.715,2.87E-16,endothelial,RHOC
ETS22,2.52E-19,1.390581167,0.753,0.484,5.03E-16,endothelial,ETS2
GSN4,2.75E-19,1.127698181,0.946,0.843,5.49E-16,endothelial,GSN
TIMP31,3.08E-19,1.435410097,0.817,0.428,6.16E-16,endothelial,TIMP3
HLA-DMA,3.77E-19,1.077958184,0.688,0.281,7.53E-16,endothelial,HLA-DMA
SDCBP1,3.90E-19,0.988100746,0.796,0.58,7.79E-16,endothelial,SDCBP
GIMAP7,2.97E-18,1.57872873,0.688,0.072,5.94E-15,endothelial,GIMAP7
RAB11A2,6.34E-18,0.865563472,0.849,0.727,1.27E-14,endothelial,RAB11A
BCAM3,1.47E-17,1.032071079,0.806,0.519,2.93E-14,endothelial,BCAM
SOCS33,4.15E-17,1.424261414,0.839,0.726,8.30E-14,endothelial,SOCS3
SAT13,7.88E-16,1.231116166,0.86,0.585,1.58E-12,endothelial,SAT1
MGLL,2.78E-15,1.136124069,0.645,0.295,5.56E-12,endothelial,MGLL
ID32,5.46E-15,1.169393013,0.86,0.648,1.09E-11,endothelial,ID3
LY6E3,2.63E-14,1.01467984,0.828,0.677,5.27E-11,endothelial,LY6E
SPARC2,1.79E-13,1.320930561,0.742,0.524,3.58E-10,endothelial,SPARC
ID12,2.38E-13,1.574167772,0.849,0.745,4.75E-10,endothelial,ID1
GMFG2,5.00E-13,0.973397523,0.57,0.187,1.00E-09,endothelial,GMFG
NOSTRIN,5.97E-13,0.922046224,0.527,0.135,1.19E-09,endothelial,NOSTRIN
PLA2G162,1.13E-12,0.822828187,0.591,0.26,2.26E-09,endothelial,PLA2G16
MALAT14,1.62E-12,0.411854574,0.989,0.988,3.25E-09,endothelial,MALAT1
FCGRT2,3.31E-12,0.830610819,0.753,0.633,6.61E-09,endothelial,FCGRT
TSC22D13,5.86E-12,0.887132946,0.828,0.73,1.17E-08,endothelial,TSC22D1
STOM,8.92E-12,0.863385917,0.699,0.544,1.78E-08,endothelial,STOM
IFITM1,1.12E-11,0.988072261,0.527,0.17,2.23E-08,endothelial,IFITM1
PMP221,2.40E-11,0.788330612,0.634,0.358,4.79E-08,endothelial,PMP22
IL6ST,3.57E-11,0.773478858,0.591,0.423,7.14E-08,endothelial,IL6ST
ARHGDIB2,1.01E-10,0.605719128,0.591,0.342,2.02E-07,endothelial,ARHGDIB
IFI61,1.25E-10,1.209649285,0.527,0.242,2.49E-07,endothelial,IFI6
PSMB91,1.39E-10,0.802311786,0.602,0.4,2.78E-07,endothelial,PSMB9
TSC22D32,2.15E-10,0.576314562,0.613,0.383,4.29E-07,endothelial,TSC22D3
CNN33,2.49E-10,0.731899261,0.742,0.626,4.99E-07,endothelial,CNN3
HLA-F1,3.42E-10,0.746192936,0.538,0.35,6.84E-07,endothelial,HLA-F
ARHGAP29,3.59E-10,0.822511552,0.538,0.347,7.18E-07,endothelial,ARHGAP29
ITM2A3,5.74E-10,0.551892608,0.806,0.644,1.15E-06,endothelial,ITM2A
MTUS1,8.15E-10,1.002269246,0.548,0.42,1.63E-06,endothelial,MTUS1
EMP12,1.13E-09,0.894526747,0.742,0.675,2.27E-06,endothelial,EMP1
SPTBN11,1.50E-09,0.793031776,0.613,0.496,2.99E-06,endothelial,SPTBN1
AP1S22,2.84E-09,0.776108181,0.613,0.429,5.67E-06,endothelial,AP1S2
SERPINB61,4.02E-09,0.616775481,0.495,0.317,8.03E-06,endothelial,SERPINB6
RAC11,7.67E-09,0.659068265,0.871,0.843,1.53E-05,endothelial,RAC1
CAPNS1,1.04E-08,0.633730863,0.548,0.466,2.08E-05,endothelial,CAPNS1
IRF12,2.96E-08,0.699394152,0.731,0.731,5.91E-05,endothelial,IRF1
APLP22,4.26E-08,0.526738799,0.699,0.649,8.52E-05,endothelial,APLP2
LPAR6,4.65E-08,0.66949585,0.484,0.35,9.30E-05,endothelial,LPAR6
PDK41,4.87E-08,0.853939025,0.462,0.32,9.75E-05,endothelial,PDK4
GNAS1,5.23E-08,0.601321522,0.731,0.702,0.000104534,endothelial,GNAS
ANXA14,5.39E-08,0.320139673,0.882,0.823,0.000107716,endothelial,ANXA1
SPRY11,7.84E-08,0.951713077,0.43,0.278,0.000156869,endothelial,SPRY1
ELK3,7.99E-08,0.642335819,0.398,0.226,0.000159819,endothelial,ELK3
TESC1,8.12E-08,0.45396856,0.398,0.167,0.000162324,endothelial,TESC
SRGN1,8.60E-08,0.545419334,0.473,0.253,0.000172058,endothelial,SRGN
PTTG1IP1,9.23E-08,0.656512467,0.656,0.586,0.00018459,endothelial,PTTG1IP
CTSC3,1.24E-07,0.614540451,0.656,0.538,0.000248134,endothelial,CTSC
SMAGP1,1.48E-07,0.449150745,0.548,0.426,0.000296724,endothelial,SMAGP
DUSP6,1.56E-07,0.710290447,0.495,0.431,0.000311452,endothelial,DUSP6
CARHSP11,2.20E-07,0.463857767,0.591,0.524,0.000439794,endothelial,CARHSP1
BHLHE401,2.26E-07,0.877348742,0.538,0.476,0.000451217,endothelial,BHLHE40
IKBIP,2.59E-07,0.495263121,0.484,0.393,0.000518289,endothelial,IKBIP
MGP2,3.35E-07,0.428260017,0.538,0.345,0.000669763,endothelial,MGP
PLSCR1,4.16E-07,0.789972321,0.452,0.406,0.000831544,endothelial,PLSCR1
RAP1B,5.17E-07,0.555834729,0.613,0.538,0.001033097,endothelial,RAP1B
CCDC501,5.29E-07,0.584884873,0.505,0.441,0.001058599,endothelial,CCDC50
SEC623,6.01E-07,0.734739185,0.731,0.719,0.001201943,endothelial,SEC62
IL33,6.93E-07,0.570889066,0.398,0.219,0.001386305,endothelial,IL33
LY96,9.64E-07,0.459760255,0.376,0.256,0.001928984,endothelial,LY96
CTGF2,1.38E-06,0.807462936,0.495,0.412,0.002762553,endothelial,CTGF
CTNNAL12,1.57E-06,0.617758359,0.495,0.407,0.003141245,endothelial,CTNNAL1
PSIP11,2.03E-06,0.416893841,0.581,0.538,0.004052001,endothelial,PSIP1
ADRB2,2.11E-06,0.630518625,0.495,0.427,0.004226454,endothelial,ADRB2
CYSTM12,2.64E-06,0.377722478,0.667,0.637,0.005273578,endothelial,CYSTM1
PSMB8,3.10E-06,0.538672248,0.57,0.574,0.006198297,endothelial,PSMB8
CTHRC1,3.47E-06,0.531199944,0.355,0.221,0.006933331,endothelial,CTHRC1
YBX34,3.77E-06,0.492202646,0.806,0.791,0.007539991,endothelial,YBX3
LUZP1,4.75E-06,0.603975821,0.667,0.647,0.009507055,endothelial,LUZP1
MSRB3,4.92E-06,0.382313044,0.344,0.215,0.009837767,endothelial,MSRB3
FTL4,6.46E-06,0.328267291,0.935,0.928,0.012914999,endothelial,FTL
CLEC2B3,7.51E-06,0.497633819,0.484,0.32,0.015015496,endothelial,CLEC2B
MYLK,8.21E-06,0.466118226,0.376,0.266,0.016422988,endothelial,MYLK
LMCD13,1.01E-05,0.358771384,0.624,0.527,0.020272748,endothelial,LMCD1
RRBP11,1.05E-05,0.537114884,0.559,0.565,0.020907767,endothelial,RRBP1
SNAP23,1.13E-05,0.413134878,0.484,0.446,0.02266727,endothelial,SNAP23
CDC42EP32,1.62E-05,0.376303198,0.538,0.482,0.03248572,endothelial,CDC42EP3
RAI14,4.12E-05,0.311093276,0.333,0.284,0.082405917,endothelial,RAI14
MCL11,5.04E-05,0.344513651,0.742,0.777,0.100820358,endothelial,MCL1
MKL2,5.40E-05,0.321591699,0.344,0.311,0.107982162,endothelial,MKL2
LAP31,5.67E-05,0.516308089,0.57,0.553,0.113329355,endothelial,LAP3
NUDT16,5.84E-05,0.360398983,0.355,0.35,0.116777045,endothelial,NUDT16
SHISA5,6.06E-05,0.408564396,0.505,0.492,0.121161067,endothelial,SHISA5
EPS81,6.23E-05,0.604630389,0.333,0.356,0.124636643,endothelial,EPS8
MARCKSL13,6.83E-05,0.355291912,0.71,0.692,0.136561072,endothelial,MARCKSL1
PHACTR21,7.09E-05,0.549769285,0.366,0.371,0.141784035,endothelial,PHACTR2
KLF91,9.66E-05,0.534144816,0.312,0.296,0.193285011,endothelial,KLF9
NR4A22,9.80E-05,0.488765056,0.452,0.463,0.195932789,endothelial,NR4A2
SLC39A11,0.00010553,0.555890747,0.57,0.614,0.211060269,endothelial,SLC39A1
SWAP701,0.000123678,0.386595391,0.473,0.467,0.247355151,endothelial,SWAP70
PKIG1,0.000132518,0.530341901,0.398,0.366,0.265036054,endothelial,PKIG
ZFYVE211,0.000144144,0.357415306,0.548,0.573,0.288288535,endothelial,ZFYVE21
FKBP9,0.000164419,0.543175065,0.441,0.466,0.328838459,endothelial,FKBP9
MSRA1,0.000252622,0.310431777,0.355,0.379,0.505244421,endothelial,MSRA
NQO11,0.000263577,0.259278332,0.344,0.323,0.527153383,endothelial,NQO1
NDRG13,0.000269683,0.445227183,0.634,0.628,0.5393651,endothelial,NDRG1
TRIOBP,0.000308814,0.295034391,0.333,0.332,0.617627534,endothelial,TRIOBP
MDK1,0.00031436,0.305440669,0.473,0.446,0.62871989,endothelial,MDK
RYBP,0.000393005,0.421954529,0.344,0.364,0.786010585,endothelial,RYBP
SNHG72,0.000428891,0.444705523,0.796,0.843,0.85778137,endothelial,SNHG7
FRMD4B1,0.000478531,0.362176003,0.441,0.466,0.957062889,endothelial,FRMD4B
INSIG11,0.000492666,0.304965634,0.355,0.392,0.985332658,endothelial,INSIG1
DHRS72,0.000518046,0.292933302,0.559,0.562,1,endothelial,DHRS7
KLF43,0.00052312,0.252171494,0.86,0.862,1,endothelial,KLF4
MAP3K8,0.000528628,0.317377024,0.419,0.477,1,endothelial,MAP3K8
NEK3,0.000529466,0.307950229,0.29,0.301,1,endothelial,NEK3
TRIB1,0.000579348,0.40422686,0.495,0.547,1,endothelial,TRIB1
APP3,0.000592074,0.491585965,0.763,0.756,1,endothelial,APP
SH3BGRL35,0.000606522,0.276684982,0.914,0.875,1,endothelial,SH3BGRL3
CD81,0.000610993,0.431254911,0.43,0.471,1,endothelial,CD81
NPC22,0.000634423,0.393805627,0.774,0.866,1,endothelial,NPC2
EDN11,0.000636922,0.677025538,0.323,0.369,1,endothelial,EDN1
MOB2,0.000647318,0.466677343,0.505,0.547,1,endothelial,MOB2
RNF115,0.000735819,0.297501951,0.376,0.408,1,endothelial,RNF115
GADD45A1,0.000741988,0.329087864,0.57,0.57,1,endothelial,GADD45A
EXOC6,0.000858526,0.311467374,0.28,0.294,1,endothelial,EXOC6
FABP41,0.000964416,0.729774731,0.237,0.174,1,endothelial,FABP4
PALMD2,0.001028378,0.399062655,0.667,0.699,1,endothelial,PALMD
EHD41,0.001079267,0.326763104,0.376,0.416,1,endothelial,EHD4
PLEKHG11,0.001127532,0.262125998,0.312,0.283,1,endothelial,PLEKHG1
CDKN1A1,0.001132702,0.419302572,0.677,0.732,1,endothelial,CDKN1A
ARID4A,0.001229885,0.344406698,0.43,0.517,1,endothelial,ARID4A
SASH1,0.001323083,0.419791965,0.247,0.315,1,endothelial,SASH1
BNIP2,0.001414608,0.303424417,0.43,0.467,1,endothelial,BNIP2
GLRX1,0.001458595,0.37874545,0.237,0.255,1,endothelial,GLRX
CXCL121,0.001689397,0.776672492,0.29,0.279,1,endothelial,CXCL12
PHLDA13,0.00174643,0.571734322,0.505,0.542,1,endothelial,PHLDA1
LYST1,0.0020629,0.479017377,0.301,0.36,1,endothelial,LYST
CD55,0.002086316,0.449588002,0.452,0.511,1,endothelial,CD55
TGOLN21,0.002193104,0.304848825,0.387,0.415,1,endothelial,TGOLN2
PRR13,0.002411217,0.276170199,0.505,0.567,1,endothelial,PRR13
ELOVL51,0.002501914,0.31936516,0.29,0.303,1,endothelial,ELOVL5
CSRNP11,0.002887032,0.274918957,0.613,0.653,1,endothelial,CSRNP1
DNAJB42,0.003205329,0.322500927,0.441,0.474,1,endothelial,DNAJB4
NUCB23,0.003589087,0.252034285,0.484,0.534,1,endothelial,NUCB2
BAZ2B,0.003625763,0.285319179,0.43,0.503,1,endothelial,BAZ2B
VKORC12,0.003765801,0.337965478,0.602,0.619,1,endothelial,VKORC1
YES1,0.003770823,0.282560029,0.333,0.385,1,endothelial,YES1
TUBB62,0.003800985,0.259974521,0.559,0.598,1,endothelial,TUBB6
CMTM8,0.004205209,0.285763086,0.333,0.376,1,endothelial,CMTM8
UBN1,0.00435228,0.27159858,0.333,0.41,1,endothelial,UBN1
PRPSAP1,0.004680411,0.382078103,0.366,0.456,1,endothelial,PRPSAP1
SRRM2,0.00558118,0.266052681,0.667,0.748,1,endothelial,SRRM2
COBLL1,0.00571266,0.302714837,0.29,0.324,1,endothelial,COBLL1
PARP9,0.005879314,0.410280191,0.269,0.284,1,endothelial,PARP9
DNAJC31,0.005996114,0.306307577,0.409,0.473,1,endothelial,DNAJC3
TMEM2191,0.006250779,0.31701884,0.645,0.743,1,endothelial,TMEM219
MRPL17,0.00815231,0.357200166,0.441,0.513,1,endothelial,MRPL17
CTTNBP2NL,0.008284837,0.426013093,0.237,0.325,1,endothelial,CTTNBP2NL
FAM213A1,0.008301514,0.29979039,0.57,0.629,1,endothelial,FAM213A
SOD21,0.009918862,0.303780945,0.602,0.705,1,endothelial,SOD2
KRT281,1.06E-48,3.121999671,1,0.194,2.12E-45,IRS/cuticle,KRT28
DBI4,3.33E-45,1.024245037,1,0.795,6.66E-42,IRS/cuticle,DBI
GATA31,6.80E-41,1.554793035,1,0.638,1.36E-37,IRS/cuticle,GATA3
ARHGAP291,2.46E-39,1.475366488,1,0.339,4.92E-36,IRS/cuticle,ARHGAP29
ID33,1.45E-37,1.585365328,1,0.646,2.90E-34,IRS/cuticle,ID3
TACSTD26,2.67E-37,1.447556187,1,0.786,5.34E-34,IRS/cuticle,TACSTD2
KRT711,1.15E-36,3.033912222,1,0.232,2.30E-33,IRS/cuticle,KRT71
KRT251,3.72E-35,2.952344205,1,0.274,7.43E-32,IRS/cuticle,KRT25
SCEL2,1.43E-34,1.15264039,0.978,0.261,2.86E-31,IRS/cuticle,SCEL
FABP56,1.80E-34,0.706892545,0.989,0.842,3.61E-31,IRS/cuticle,FABP5
GJA14,5.34E-34,1.052928014,1,0.751,1.07E-30,IRS/cuticle,GJA1
ALDH25,6.00E-34,0.974405223,0.989,0.674,1.20E-30,IRS/cuticle,ALDH2
PSORS1C22,7.34E-34,1.881998418,0.978,0.199,1.47E-30,IRS/cuticle,PSORS1C2
DLX31,2.11E-31,1.166402451,0.955,0.274,4.22E-28,IRS/cuticle,DLX3
CLDN42,7.67E-31,1.049314362,0.978,0.321,1.53E-27,IRS/cuticle,CLDN4
RDH122,5.46E-30,0.799709478,0.933,0.34,1.09E-26,IRS/cuticle,RDH12
KIF21A1,5.54E-29,0.6745066,0.978,0.42,1.11E-25,IRS/cuticle,KIF21A
MARCKSL14,3.72E-26,0.65194149,0.978,0.688,7.43E-23,IRS/cuticle,MARCKSL1
KRT73,6.53E-26,3.740256714,0.933,0.24,1.31E-22,IRS/cuticle,KRT73
PTMS2,1.44E-25,0.477723022,0.989,0.688,2.87E-22,IRS/cuticle,PTMS
ATOX13,6.63E-25,0.897084716,0.966,0.596,1.33E-21,IRS/cuticle,ATOX1
CTSC4,2.82E-24,1.612922318,0.966,0.532,5.63E-21,IRS/cuticle,CTSC
CLIC33,3.57E-24,1.669594258,0.876,0.333,7.14E-21,IRS/cuticle,CLIC3
CRABP24,7.61E-24,0.99358921,1,0.547,1.52E-20,IRS/cuticle,CRABP2
KRT271,1.26E-22,2.727622588,0.865,0.195,2.52E-19,IRS/cuticle,KRT27
RAB255,2.18E-22,0.524201468,0.989,0.637,4.35E-19,IRS/cuticle,RAB25
MYO102,3.84E-21,0.430667721,0.978,0.508,7.68E-18,IRS/cuticle,MYO10
CUX1,1.47E-20,0.750839894,0.899,0.295,2.94E-17,IRS/cuticle,CUX1
SEPT111,1.48E-20,0.452215657,0.921,0.401,2.95E-17,IRS/cuticle,11-Sep
DCXR1,3.05E-20,0.46297584,0.933,0.583,6.10E-17,IRS/cuticle,DCXR
LDHB4,3.92E-20,0.751053777,1,0.751,7.83E-17,IRS/cuticle,LDHB
SLC30A11,5.42E-20,0.587802232,0.944,0.32,1.08E-16,IRS/cuticle,SLC30A1
S100A145,1.08E-19,0.41489917,1,0.893,2.17E-16,IRS/cuticle,S100A14
TUBA1C1,1.12E-19,1.477219013,0.989,0.751,2.24E-16,IRS/cuticle,TUBA1C
TM7SF2,1.80E-19,0.541615489,0.831,0.331,3.60E-16,IRS/cuticle,TM7SF2
LPAR61,4.77E-19,1.047892817,0.888,0.343,9.54E-16,IRS/cuticle,LPAR6
ACADVL1,4.99E-19,0.476727512,0.989,0.776,9.99E-16,IRS/cuticle,ACADVL
LBR1,8.35E-19,1.151433826,0.91,0.36,1.67E-15,IRS/cuticle,LBR
ITM2B4,9.89E-19,1.085374842,1,0.941,1.98E-15,IRS/cuticle,ITM2B
PRDX22,1.34E-18,0.552174145,1,0.862,2.68E-15,IRS/cuticle,PRDX2
BAMBI2,2.72E-18,0.606654244,0.899,0.35,5.45E-15,IRS/cuticle,BAMBI
KCNK74,3.92E-18,0.348082178,0.933,0.486,7.85E-15,IRS/cuticle,KCNK7
PLXDC2,4.58E-18,0.439337242,0.865,0.438,9.17E-15,IRS/cuticle,PLXDC2
FAM110A1,4.73E-18,0.499504088,0.831,0.31,9.45E-15,IRS/cuticle,FAM110A
APOE3,5.28E-18,0.694507621,1,0.891,1.06E-14,IRS/cuticle,APOE
DSG14,6.84E-18,0.881539608,0.933,0.426,1.37E-14,IRS/cuticle,DSG1
CMTM81,1.06E-17,0.356698011,0.876,0.366,2.12E-14,IRS/cuticle,CMTM8
TMEM45A5,1.22E-17,0.313594359,1,0.632,2.44E-14,IRS/cuticle,TMEM45A
IFT571,1.29E-17,0.629925516,0.91,0.485,2.59E-14,IRS/cuticle,IFT57
CYB5A3,1.85E-17,0.653034144,0.989,0.633,3.71E-14,IRS/cuticle,CYB5A
FAM136A1,2.43E-17,0.425634176,0.91,0.402,4.86E-14,IRS/cuticle,FAM136A
FAM49A1,2.51E-17,0.74573742,0.82,0.232,5.02E-14,IRS/cuticle,FAM49A
FAM84A2,4.27E-17,0.505752637,0.91,0.472,8.55E-14,IRS/cuticle,FAM84A
LAMP1,4.36E-17,0.277866302,0.966,0.695,8.71E-14,IRS/cuticle,LAMP1
TUBA1A3,4.62E-17,0.465945471,1,0.847,9.24E-14,IRS/cuticle,TUBA1A
DEGS22,6.24E-17,0.818455899,0.787,0.228,1.25E-13,IRS/cuticle,DEGS2
BASP11,9.21E-17,0.583936309,0.865,0.416,1.84E-13,IRS/cuticle,BASP1
CD822,1.14E-16,1.162736853,0.966,0.621,2.29E-13,IRS/cuticle,CD82
FBP1,1.25E-16,1.265352558,0.854,0.197,2.50E-13,IRS/cuticle,FBP1
ACOT71,1.68E-16,0.342440189,0.876,0.427,3.36E-13,IRS/cuticle,ACOT7
STK17A3,2.01E-16,0.932432983,0.966,0.53,4.02E-13,IRS/cuticle,STK17A
FDPS2,2.24E-16,0.474224332,0.989,0.664,4.48E-13,IRS/cuticle,FDPS
MAD1L11,3.31E-16,0.514936786,0.854,0.383,6.62E-13,IRS/cuticle,MAD1L1
PRR92,3.41E-16,2.482572916,0.775,0.29,6.82E-13,IRS/cuticle,PRR9
RHOV5,3.69E-16,0.683240434,0.989,0.552,7.38E-13,IRS/cuticle,RHOV
CNDP2,7.20E-16,1.203379774,0.933,0.494,1.44E-12,IRS/cuticle,CNDP2
SPINK53,7.91E-16,0.799083858,0.91,0.434,1.58E-12,IRS/cuticle,SPINK5
CRNN,1.41E-15,1.781837049,0.764,0.189,2.81E-12,IRS/cuticle,CRNN
APLP23,1.45E-15,0.927978679,0.944,0.645,2.89E-12,IRS/cuticle,APLP2
STARD101,3.16E-15,0.405732513,0.809,0.353,6.32E-12,IRS/cuticle,STARD10
SULT2B12,4.66E-15,0.396407427,0.787,0.288,9.32E-12,IRS/cuticle,SULT2B1
LY6G6C2,7.48E-15,0.496860281,0.888,0.311,1.50E-11,IRS/cuticle,LY6G6C
SQLE2,8.50E-15,0.509750466,0.933,0.453,1.70E-11,IRS/cuticle,SQLE
CAPNS22,1.19E-14,0.834223797,0.989,0.74,2.38E-11,IRS/cuticle,CAPNS2
SFPQ1,1.35E-14,0.362708178,1,0.775,2.69E-11,IRS/cuticle,SFPQ
ZDHHC21,1.54E-14,0.364645867,0.742,0.293,3.09E-11,IRS/cuticle,ZDHHC21
CCDC251,1.57E-14,0.538671835,0.921,0.507,3.14E-11,IRS/cuticle,CCDC25
TCHP,1.98E-14,0.318173246,0.82,0.364,3.96E-11,IRS/cuticle,TCHP
SFN5,3.18E-14,0.341111202,1,0.837,6.35E-11,IRS/cuticle,SFN
LMO7,4.22E-14,1.163032739,0.82,0.32,8.44E-11,IRS/cuticle,LMO7
SMS1,4.93E-14,0.316171502,0.843,0.46,9.86E-11,IRS/cuticle,SMS
MSX21,5.87E-14,0.392423973,0.798,0.277,1.17E-10,IRS/cuticle,MSX2
CAPNS11,9.05E-14,0.258509161,0.899,0.46,1.81E-10,IRS/cuticle,CAPNS1
NME13,9.33E-14,0.665387843,0.966,0.717,1.87E-10,IRS/cuticle,NME1
NRP22,1.57E-13,0.572535771,0.775,0.307,3.13E-10,IRS/cuticle,NRP2
MFSD2A1,1.64E-13,0.575290902,0.899,0.355,3.28E-10,IRS/cuticle,MFSD2A
HSD17B102,1.72E-13,0.323255754,0.978,0.708,3.44E-10,IRS/cuticle,HSD17B10
ELOVL61,2.00E-13,0.567296002,0.831,0.332,3.99E-10,IRS/cuticle,ELOVL6
ENC1,4.38E-13,0.735590885,0.708,0.312,8.76E-10,IRS/cuticle,ENC1
ZNF7503,4.81E-13,0.394289578,0.854,0.392,9.62E-10,IRS/cuticle,ZNF750
FAM3C,4.93E-13,0.355742831,0.921,0.519,9.85E-10,IRS/cuticle,FAM3C
CHMP4B2,5.66E-13,0.44045271,0.978,0.649,1.13E-09,IRS/cuticle,CHMP4B
PGP1,6.38E-13,0.263092838,0.787,0.323,1.28E-09,IRS/cuticle,PGP
GLTP3,6.52E-13,0.447710338,0.978,0.598,1.30E-09,IRS/cuticle,GLTP
ANKRD223,7.68E-13,0.682203547,0.854,0.393,1.54E-09,IRS/cuticle,ANKRD22
SMAGP2,8.24E-13,0.293851504,0.876,0.421,1.65E-09,IRS/cuticle,SMAGP
SERPINB131,8.45E-13,0.87725661,0.764,0.205,1.69E-09,IRS/cuticle,SERPINB13
KIAA0368,8.89E-13,0.315261104,0.719,0.323,1.78E-09,IRS/cuticle,KIAA0368
SERPINB53,1.84E-12,0.610515171,0.966,0.774,3.69E-09,IRS/cuticle,SERPINB5
HES21,2.69E-12,0.402771656,0.82,0.298,5.38E-09,IRS/cuticle,HES2
UCHL32,7.04E-12,0.379717414,0.933,0.522,1.41E-08,IRS/cuticle,UCHL3
GAS2L3,8.23E-12,0.402899182,0.719,0.149,1.65E-08,IRS/cuticle,GAS2L3
PPP4C1,8.83E-12,0.432389119,0.989,0.655,1.77E-08,IRS/cuticle,PPP4C
PLEKHG12,1.24E-11,0.275000465,0.685,0.277,2.47E-08,IRS/cuticle,PLEKHG1
HEBP24,1.80E-11,0.356430047,0.978,0.685,3.59E-08,IRS/cuticle,HEBP2
MLF2,3.14E-11,0.269034206,1,0.752,6.28E-08,IRS/cuticle,MLF2
NUDT81,3.58E-11,0.285006292,0.809,0.409,7.16E-08,IRS/cuticle,NUDT8
MUC15,6.96E-11,0.739517371,0.753,0.307,1.39E-07,IRS/cuticle,MUC15
DSC11,1.07E-10,0.425609701,0.764,0.334,2.14E-07,IRS/cuticle,DSC1
ITPR21,1.47E-10,0.296619277,0.775,0.382,2.93E-07,IRS/cuticle,ITPR2
MVD1,1.77E-10,0.287325689,0.82,0.445,3.55E-07,IRS/cuticle,MVD
HOOK3,2.19E-10,0.691501543,0.831,0.41,4.39E-07,IRS/cuticle,HOOK3
TCHH1,2.55E-10,2.310708841,0.697,0.229,5.10E-07,IRS/cuticle,TCHH
KLK72,3.04E-10,0.514478572,0.697,0.243,6.08E-07,IRS/cuticle,KLK7
SCD1,3.16E-10,0.346181237,0.708,0.292,6.32E-07,IRS/cuticle,SCD
GMNN1,6.63E-10,0.726968256,0.742,0.329,1.33E-06,IRS/cuticle,GMNN
RPL22L13,7.05E-10,0.389880822,0.955,0.784,1.41E-06,IRS/cuticle,RPL22L1
S100A165,7.49E-10,0.361307524,1,0.856,1.50E-06,IRS/cuticle,S100A16
DNASE1L21,1.27E-09,0.268403445,0.64,0.218,2.54E-06,IRS/cuticle,DNASE1L2
MCUR1,1.70E-09,0.298345744,0.91,0.527,3.39E-06,IRS/cuticle,MCUR1
ALDH3B23,1.75E-09,0.253942193,0.809,0.434,3.50E-06,IRS/cuticle,ALDH3B2
GMCL1,2.30E-09,0.813036991,0.742,0.417,4.60E-06,IRS/cuticle,GMCL1
BZW21,2.49E-09,0.301863648,0.899,0.574,4.98E-06,IRS/cuticle,BZW2
ERCC1,3.52E-09,0.251696093,0.865,0.562,7.04E-06,IRS/cuticle,ERCC1
CWH431,5.17E-09,0.352270902,0.742,0.307,1.03E-05,IRS/cuticle,CWH43
CYSTM13,6.22E-09,0.564230924,0.831,0.634,1.24E-05,IRS/cuticle,CYSTM1
EIF3A1,6.39E-09,0.344823213,1,0.734,1.28E-05,IRS/cuticle,EIF3A
VDAC13,6.54E-09,0.264409169,0.955,0.772,1.31E-05,IRS/cuticle,VDAC1
KRT741,6.83E-09,0.957595691,0.663,0.204,1.37E-05,IRS/cuticle,KRT74
BMP4,6.84E-09,0.775533124,0.685,0.24,1.37E-05,IRS/cuticle,BMP4
DSP5,8.41E-09,0.512380211,1,0.824,1.68E-05,IRS/cuticle,DSP
FKBP31,9.37E-09,0.327685942,0.91,0.67,1.87E-05,IRS/cuticle,FKBP3
TMEM542,9.75E-09,0.376835213,0.876,0.587,1.95E-05,IRS/cuticle,TMEM54
LRRC59,1.03E-08,0.261330031,0.876,0.552,2.05E-05,IRS/cuticle,LRRC59
KRT231,1.27E-08,0.272362812,0.64,0.304,2.55E-05,IRS/cuticle,KRT23
S100A31,1.45E-08,1.173669253,0.719,0.271,2.89E-05,IRS/cuticle,S100A3
NIPAL1,1.82E-08,0.284158762,0.697,0.356,3.64E-05,IRS/cuticle,NIPAL1
MYL6B2,1.99E-08,0.434632218,0.91,0.593,3.98E-05,IRS/cuticle,MYL6B
CTNNB12,2.15E-08,0.282790611,0.944,0.642,4.30E-05,IRS/cuticle,CTNNB1
EMP24,2.58E-08,0.298471322,0.989,0.826,5.15E-05,IRS/cuticle,EMP2
C4orf32,3.55E-08,0.298144454,0.944,0.828,7.09E-05,IRS/cuticle,C4orf3
TRAP11,4.12E-08,0.273273516,0.899,0.545,8.24E-05,IRS/cuticle,TRAP1
HOPX3,4.91E-08,0.53837314,0.899,0.587,9.83E-05,IRS/cuticle,HOPX
ODC13,5.73E-08,0.35034545,0.753,0.466,0.000114505,IRS/cuticle,ODC1
CLU2,6.22E-08,0.267906553,0.708,0.305,0.000124476,IRS/cuticle,CLU
SLC16A9,1.19E-07,0.259311241,0.629,0.29,0.000238725,IRS/cuticle,SLC16A9
MTCH21,1.37E-07,0.27840491,0.91,0.614,0.000273584,IRS/cuticle,MTCH2
PDCD44,1.62E-07,0.44258727,0.854,0.601,0.000324635,IRS/cuticle,PDCD4
RARS,2.38E-07,0.35230883,0.809,0.483,0.000476284,IRS/cuticle,RARS
CHMP4C,2.40E-07,0.514070939,0.685,0.267,0.00047918,IRS/cuticle,CHMP4C
IVL2,2.62E-07,0.586416054,0.674,0.298,0.00052356,IRS/cuticle,IVL
PHLDA24,2.68E-07,0.453765867,0.82,0.532,0.00053528,IRS/cuticle,PHLDA2
IL1RN2,3.74E-07,0.29508291,0.787,0.42,0.000748744,IRS/cuticle,IL1RN
TNFRSF192,4.02E-07,0.536190767,0.742,0.378,0.000804823,IRS/cuticle,TNFRSF19
SLC31A1,4.54E-07,0.328983524,0.685,0.33,0.000908375,IRS/cuticle,SLC31A1
GOLGA4,5.30E-07,0.313426738,0.966,0.673,0.001060517,IRS/cuticle,GOLGA4
EPS82,5.33E-07,0.858473447,0.742,0.349,0.001066993,IRS/cuticle,EPS8
TMEM1472,6.93E-07,0.376204584,0.955,0.725,0.001385447,IRS/cuticle,TMEM147
H1F0,8.53E-07,0.406332078,0.831,0.536,0.001705782,IRS/cuticle,H1F0
CDC42SE1,1.39E-06,0.294509055,0.787,0.485,0.002770686,IRS/cuticle,CDC42SE1
SLC39A102,2.94E-06,0.424818823,0.663,0.344,0.00588421,IRS/cuticle,SLC39A10
SDHB1,3.35E-06,0.265786299,0.899,0.624,0.006692514,IRS/cuticle,SDHB
TMPRSS11E1,4.11E-06,0.304362261,0.562,0.175,0.008219822,IRS/cuticle,TMPRSS11E
RNF81,4.52E-06,0.428012829,0.798,0.441,0.009039102,IRS/cuticle,RNF8
MBOAT2,4.72E-06,0.259985781,0.584,0.185,0.009444696,IRS/cuticle,MBOAT2
EIF1AX,7.47E-06,0.375925729,0.955,0.766,0.014937994,IRS/cuticle,EIF1AX
SNRPD12,1.52E-05,0.304280201,0.944,0.755,0.030432335,IRS/cuticle,SNRPD1
ENDOU1,1.85E-05,0.319760143,0.539,0.159,0.037061086,IRS/cuticle,ENDOU
PARP13,2.25E-05,0.434872552,0.809,0.528,0.044950029,IRS/cuticle,PARP1
PCDH7,2.92E-05,0.250034844,0.607,0.292,0.058405677,IRS/cuticle,PCDH7
HMGCS12,3.55E-05,0.263419078,0.854,0.526,0.071089682,IRS/cuticle,HMGCS1
CPSF3,4.62E-05,0.389273205,0.663,0.347,0.092459756,IRS/cuticle,CPSF3
SLC39A81,4.63E-05,0.37081119,0.584,0.311,0.092621843,IRS/cuticle,SLC39A8
FAHD11,6.20E-05,0.254250723,0.697,0.403,0.12403619,IRS/cuticle,FAHD1
EIF5B,9.10E-05,0.416027634,0.888,0.694,0.18195135,IRS/cuticle,EIF5B
ID13,9.81E-05,0.270378931,0.966,0.743,0.196136713,IRS/cuticle,ID1
ASPG,0.000100338,0.367509448,0.584,0.217,0.200675909,IRS/cuticle,ASPG
CMAS,0.000102603,0.440936979,0.73,0.435,0.205205292,IRS/cuticle,CMAS
VANGL1,0.000116449,0.270367086,0.607,0.35,0.232898612,IRS/cuticle,VANGL1
IP6K21,0.000189054,0.254022309,0.944,0.673,0.378108332,IRS/cuticle,IP6K2
SNRNP70,0.000189634,0.371225942,0.876,0.645,0.37926872,IRS/cuticle,SNRNP70
RNASET22,0.000300671,0.262712856,0.685,0.491,0.601341114,IRS/cuticle,RNASET2
KDM7A1,0.000359045,0.344047088,0.629,0.357,0.71808983,IRS/cuticle,KDM7A
CERS32,0.00050416,0.361072645,0.663,0.359,1,IRS/cuticle,CERS3
FABP91,0.000508135,1.216353247,0.438,0.152,1,IRS/cuticle,FABP9
SLC20A2,0.000843794,0.375592169,0.584,0.326,1,IRS/cuticle,SLC20A2
CIAO1,0.000966939,0.268475516,0.663,0.384,1,IRS/cuticle,CIAO1
PHF20L1,0.001166177,0.340354215,0.742,0.472,1,IRS/cuticle,PHF20L1
PTBP1,0.00152525,0.310239863,0.921,0.66,1,IRS/cuticle,PTBP1
SLC22A18,0.002747994,0.292523111,0.517,0.361,1,IRS/cuticle,SLC22A18
MTSS11,0.003267675,0.273301706,0.685,0.425,1,IRS/cuticle,MTSS1
AKAP92,0.003303752,0.301976273,0.921,0.744,1,IRS/cuticle,AKAP9
FABP42,0.004761531,1.11634699,0.36,0.172,1,IRS/cuticle,FABP4
GPR871,0.005730506,0.280440969,0.764,0.475,1,IRS/cuticle,GPR87
MSMO11,0.007495473,0.253622385,0.629,0.412,1,IRS/cuticle,MSMO1
CCNL12,1.79E-36,1.075493663,1,0.886,3.58E-33,infundibulum,CCNL1
CYR612,4.01E-26,1.479765065,0.971,0.53,8.01E-23,infundibulum,CYR61
HLA-B4,7.86E-23,0.509165974,1,0.887,1.57E-19,infundibulum,HLA-B
PNRC13,3.25E-20,0.626644616,0.986,0.906,6.49E-17,infundibulum,PNRC1
SOCS34,5.51E-19,1.065950354,0.942,0.725,1.10E-15,infundibulum,SOCS3
NFKBIA2,1.24E-18,0.679243424,1,0.95,2.48E-15,infundibulum,NFKBIA
KRT154,1.11E-17,0.789515893,0.942,0.798,2.21E-14,infundibulum,KRT15
SAT14,4.77E-17,0.63965968,0.899,0.585,9.55E-14,infundibulum,SAT1
KLF102,4.93E-17,0.860277909,0.942,0.745,9.86E-14,infundibulum,KLF10
MT-ND14,2.14E-15,0.368254129,1,0.945,4.29E-12,infundibulum,MT-ND1
PLK22,4.96E-15,0.759383069,0.884,0.696,9.92E-12,infundibulum,PLK2
CITED23,1.39E-14,0.816339467,0.841,0.568,2.78E-11,infundibulum,CITED2
ATF34,4.08E-14,0.397264923,0.986,0.871,8.15E-11,infundibulum,ATF3
EPCAM,7.84E-13,1.264277533,0.638,0.359,1.57E-09,infundibulum,EPCAM
IRF13,2.81E-12,0.507445284,0.913,0.728,5.62E-09,infundibulum,IRF1
GADD45G2,3.19E-12,0.821649902,0.797,0.56,6.38E-09,infundibulum,GADD45G
GADD45B4,6.36E-12,0.592269691,0.957,0.9,1.27E-08,infundibulum,GADD45B
ZC3H12A2,6.57E-12,0.789665735,0.826,0.617,1.31E-08,infundibulum,ZC3H12A
ABI3BP1,7.19E-12,0.868220745,0.638,0.304,1.44E-08,infundibulum,ABI3BP
PMAIP13,9.35E-12,0.662474364,0.899,0.729,1.87E-08,infundibulum,PMAIP1
NR4A12,1.84E-11,0.698121944,0.826,0.612,3.67E-08,infundibulum,NR4A1
TSC22D14,3.01E-11,0.756389151,0.884,0.729,6.02E-08,infundibulum,TSC22D1
IER35,4.98E-11,0.620808581,0.957,0.842,9.97E-08,infundibulum,IER3
APP4,5.59E-11,0.393403873,0.899,0.754,1.12E-07,infundibulum,APP
ANXA15,2.47E-10,0.384731195,0.942,0.823,4.94E-07,infundibulum,ANXA1
HSPA22,2.53E-10,0.52085572,0.855,0.659,5.06E-07,infundibulum,HSPA2
POSTN,2.54E-10,1.194566092,0.565,0.211,5.08E-07,infundibulum,POSTN
CSRNP12,3.53E-10,0.620525024,0.797,0.651,7.05E-07,infundibulum,CSRNP1
HLA-E3,6.58E-10,0.299741154,0.957,0.871,1.32E-06,infundibulum,HLA-E
LBH1,8.45E-10,0.647582362,0.667,0.468,1.69E-06,infundibulum,LBH
MAFB2,8.46E-10,0.773891629,0.841,0.664,1.69E-06,infundibulum,MAFB
TUBB4B2,9.89E-10,0.473663822,0.971,0.897,1.98E-06,infundibulum,TUBB4B
ADRB21,1.34E-09,1.080578827,0.623,0.425,2.68E-06,infundibulum,ADRB2
BTG22,2.34E-09,0.522506346,0.899,0.796,4.68E-06,infundibulum,BTG2
SGK12,4.50E-09,0.518491273,0.841,0.719,9.00E-06,infundibulum,SGK1
RAB342,5.13E-09,0.542535386,0.768,0.62,1.03E-05,infundibulum,RAB34
MARCKSL15,7.00E-09,0.455741068,0.87,0.69,1.40E-05,infundibulum,MARCKSL1
KLF44,1.17E-08,0.422020251,0.971,0.86,2.33E-05,infundibulum,KLF4
ID14,1.22E-08,0.643136116,0.87,0.745,2.44E-05,infundibulum,ID1
CXADR2,2.00E-08,0.469798439,0.841,0.72,4.00E-05,infundibulum,CXADR
HERPUD12,2.07E-08,0.473234926,0.884,0.774,4.14E-05,infundibulum,HERPUD1
BRD21,2.16E-08,0.475490177,0.884,0.805,4.32E-05,infundibulum,BRD2
NFKBIZ1,3.10E-08,0.428870074,0.841,0.702,6.19E-05,infundibulum,NFKBIZ
GJB63,3.67E-08,0.415098657,0.855,0.682,7.33E-05,infundibulum,GJB6
KRT173,4.34E-08,0.478352826,0.594,0.308,8.68E-05,infundibulum,KRT17
XBP11,4.69E-08,0.414307432,0.754,0.608,9.37E-05,infundibulum,XBP1
ETS23,5.42E-08,0.586149835,0.623,0.487,0.00010849,infundibulum,ETS2
ZNF3311,1.02E-07,0.572046933,0.58,0.439,0.00020407,infundibulum,ZNF331
GATA32,1.35E-07,0.470489486,0.768,0.643,0.000269936,infundibulum,GATA3
MCL12,1.65E-07,0.308095059,0.87,0.775,0.000329088,infundibulum,MCL1
CCL24,2.11E-07,1.254857984,0.565,0.446,0.000421101,infundibulum,CCL2
GSN5,2.44E-07,0.34276674,0.971,0.843,0.000488725,infundibulum,GSN
IP6K22,2.81E-07,0.487816952,0.768,0.676,0.00056244,infundibulum,IP6K2
HOPX4,6.03E-07,0.407900886,0.768,0.59,0.001205212,infundibulum,HOPX
AQP34,6.94E-07,0.562162849,0.797,0.669,0.001388385,infundibulum,AQP3
ZFAND51,1.10E-06,0.35169951,0.768,0.682,0.002202466,infundibulum,ZFAND5
STOM1,1.17E-06,0.506341148,0.623,0.545,0.002348647,infundibulum,STOM
CLK11,1.61E-06,0.303491995,0.797,0.704,0.003227045,infundibulum,CLK1
NR4A23,1.86E-06,0.483347171,0.565,0.461,0.003727556,infundibulum,NR4A2
KPNA21,1.89E-06,0.517316746,0.638,0.554,0.003779061,infundibulum,KPNA2
GLUL2,2.90E-06,0.366795224,0.884,0.771,0.005792439,infundibulum,GLUL
WSB1,4.06E-06,0.380733406,0.812,0.733,0.008127454,infundibulum,WSB1
FOSB2,4.21E-06,0.276739274,0.986,0.902,0.008422639,infundibulum,FOSB
RASD12,6.72E-06,0.344885341,0.696,0.588,0.013439609,infundibulum,RASD1
MT2A4,8.97E-06,0.619086087,0.71,0.644,0.017943026,infundibulum,MT2A
F2RL1,9.39E-06,0.455236829,0.478,0.429,0.018785451,infundibulum,F2RL1
CHMP1B1,1.74E-05,0.309382742,0.783,0.707,0.034740162,infundibulum,CHMP1B
CDKN1A2,1.92E-05,0.291283084,0.812,0.729,0.038334472,infundibulum,CDKN1A
DNAJB93,2.14E-05,0.344941627,0.565,0.516,0.042761225,infundibulum,DNAJB9
HSPA53,2.49E-05,0.258590777,0.928,0.853,0.049877733,infundibulum,HSPA5
MAFF3,2.89E-05,0.409116267,0.667,0.63,0.057741506,infundibulum,MAFF
OVOL13,3.04E-05,0.326720003,0.667,0.573,0.060771463,infundibulum,OVOL1
SOX44,3.54E-05,0.46913957,0.667,0.582,0.070805905,infundibulum,SOX4
ITGB13,3.76E-05,0.351578289,0.681,0.632,0.075111749,infundibulum,ITGB1
CDCA7L1,4.09E-05,0.404984814,0.464,0.436,0.081866805,infundibulum,CDCA7L
MT1X4,4.40E-05,0.679741575,0.768,0.722,0.087985304,infundibulum,MT1X
YTHDF2,7.71E-05,0.366842884,0.681,0.664,0.154155538,infundibulum,YTHDF2
MYC2,7.89E-05,0.465248685,0.783,0.729,0.157787131,infundibulum,MYC
SYNE23,9.51E-05,0.355373529,0.725,0.711,0.190191659,infundibulum,SYNE2
NCOA74,0.000100945,0.458508542,0.551,0.529,0.201890839,infundibulum,NCOA7
DUSP61,0.000137034,0.492619906,0.42,0.432,0.274067925,infundibulum,DUSP6
REL1,0.000143407,0.285393614,0.667,0.633,0.286813147,infundibulum,REL
NEDD4L,0.000149063,0.300772544,0.304,0.323,0.298126157,infundibulum,NEDD4L
AVPI13,0.000183868,0.399600824,0.565,0.547,0.367736356,infundibulum,AVPI1
PHF14,0.000195093,0.324674679,0.623,0.613,0.390185282,infundibulum,PHF14
PPP1R12A,0.000256321,0.320868922,0.623,0.617,0.512641983,infundibulum,PPP1R12A
MAP3K81,0.000257894,0.425724007,0.449,0.476,0.515788495,infundibulum,MAP3K8
CTSV1,0.000273257,0.376794975,0.333,0.323,0.546513186,infundibulum,CTSV
TNFRSF193,0.000416324,0.293884434,0.406,0.384,0.832648968,infundibulum,TNFRSF19
SFPQ2,0.000534645,0.275571782,0.783,0.778,1,infundibulum,SFPQ
RAB5A,0.00054799,0.299318822,0.522,0.527,1,infundibulum,RAB5A
PHF20L11,0.000605737,0.279979848,0.464,0.476,1,infundibulum,PHF20L1
SDC43,0.000740868,0.316533243,0.71,0.682,1,infundibulum,SDC4
H1F01,0.000773268,0.410334189,0.551,0.541,1,infundibulum,H1F0
EIF2AK2,0.000779646,0.267173293,0.391,0.412,1,infundibulum,EIF2AK2
GPBP11,0.000889069,0.252097407,0.638,0.656,1,infundibulum,GPBP1
PUM1,0.00094322,0.292258109,0.42,0.48,1,infundibulum,PUM1
CKS22,0.000956868,0.296862351,0.522,0.54,1,infundibulum,CKS2
RAMP12,0.001033618,0.260910348,0.319,0.353,1,infundibulum,RAMP1
NRP23,0.001159859,0.292592032,0.319,0.315,1,infundibulum,NRP2
BHLHE402,0.001354875,0.293486115,0.449,0.477,1,infundibulum,BHLHE40
CTGF3,0.002019283,0.500960198,0.42,0.413,1,infundibulum,CTGF
CBR31,0.002566994,0.35540559,0.464,0.515,1,infundibulum,CBR3
DUSP22,0.002604579,0.445804312,0.507,0.545,1,infundibulum,DUSP2
MLF11,0.00339166,0.298629782,0.377,0.451,1,infundibulum,MLF1
ALCAM,0.003571664,0.302018878,0.246,0.296,1,infundibulum,ALCAM
CXCL21,0.003919978,0.383592462,0.348,0.399,1,infundibulum,CXCL2
MDK2,0.004048926,0.336093519,0.406,0.447,1,infundibulum,MDK
BAZ2B1,0.004055345,0.283918875,0.42,0.503,1,infundibulum,BAZ2B
CTNNAL13,0.004300906,0.267458778,0.377,0.409,1,infundibulum,CTNNAL1
ODC14,0.005392005,0.411465714,0.377,0.472,1,infundibulum,ODC1
GGNBP2,0.006676051,0.267466894,0.594,0.667,1,infundibulum,GGNBP2
PTP4A1,0.007314647,0.299295039,0.522,0.602,1,infundibulum,PTP4A1
BOD1,0.007357712,0.278322298,0.522,0.577,1,infundibulum,BOD1
MYLK1,0.009571382,0.267733742,0.232,0.269,1,infundibulum,MYLK
S100A23,3.39E-31,1.848563754,0.985,0.913,6.78E-28,ORS B,S100A2
FABP57,3.74E-30,1.572918105,0.985,0.842,7.48E-27,ORS B,FABP5
KRT145,2.21E-27,1.204452323,1,0.956,4.41E-24,ORS B,KRT14
KRT162,1.75E-24,2.556689495,0.897,0.622,3.50E-21,ORS B,KRT16
KRT53,5.08E-21,1.012458453,0.985,0.916,1.02E-17,ORS B,KRT5
TMSB4X5,6.08E-21,0.982793601,1,0.978,1.22E-17,ORS B,TMSB4X
KRT6B3,5.31E-19,2.327351696,0.971,0.62,1.06E-15,ORS B,KRT6B
CALML35,1.24E-18,1.186082931,0.956,0.819,2.48E-15,ORS B,CALML3
APOE4,1.65E-13,0.945489158,0.956,0.892,3.29E-10,ORS B,APOE
GJB64,9.85E-13,1.905300723,0.897,0.681,1.97E-09,ORS B,GJB6
CST63,1.24E-12,1.632194892,0.882,0.511,2.48E-09,ORS B,CST6
ANXA22,1.91E-12,1.193902692,0.985,0.951,3.82E-09,ORS B,ANXA2
GJB24,2.27E-11,1.572152983,0.897,0.648,4.53E-08,ORS B,GJB2
LGALS14,6.63E-10,1.439514378,0.897,0.812,1.33E-06,ORS B,LGALS1
KRT6C3,1.34E-09,2.125488324,0.765,0.384,2.67E-06,ORS B,KRT6C
HSPB13,6.36E-09,0.882029519,0.956,0.975,1.27E-05,ORS B,HSPB1
S100A146,1.12E-08,0.944056746,0.971,0.894,2.25E-05,ORS B,S100A14
S100A166,1.37E-08,1.14407145,0.882,0.858,2.75E-05,ORS B,S100A16
KRT6A3,2.80E-08,1.821713582,0.691,0.583,5.61E-05,ORS B,KRT6A
TPM15,4.66E-08,1.395755797,0.824,0.629,9.32E-05,ORS B,TPM1
IVL3,1.87E-06,1.029523565,0.676,0.299,0.003749683,ORS B,IVL
TMSB105,2.05E-06,0.626873083,0.926,0.962,0.004107998,ORS B,TMSB10
TM4SF13,2.22E-06,1.107043312,0.809,0.637,0.004444674,ORS B,TM4SF1
LGALS7B5,2.25E-06,0.945660519,0.824,0.793,0.00450726,ORS B,LGALS7B
LGALS75,3.90E-06,1.093445172,0.838,0.733,0.007805319,ORS B,LGALS7
GSTP16,1.14E-05,0.753669567,0.897,0.942,0.022868373,ORS B,GSTP1
YWHAQ2,1.17E-05,1.197182879,0.897,0.884,0.023356315,ORS B,YWHAQ
S100A115,1.26E-05,0.783466962,0.838,0.901,0.025208354,ORS B,S100A11
SDC13,1.71E-05,1.085510985,0.779,0.809,0.034127262,ORS B,SDC1
SBSN3,2.56E-05,0.942390906,0.721,0.462,0.051218263,ORS B,SBSN
PARM12,0.000327418,0.746158143,0.603,0.323,0.654835918,ORS B,PARM1
TUBA4A7,0.000331822,0.939497809,0.647,0.658,0.663644826,ORS B,TUBA4A
NPC23,0.000432894,1.29160538,0.779,0.865,0.865787981,ORS B,NPC2
KLK73,0.000688469,0.69197838,0.618,0.246,1,ORS B,KLK7
CTSV2,0.000695326,1.154727143,0.632,0.319,1,ORS B,CTSV
KCNK75,0.000783214,0.800181697,0.676,0.491,1,ORS B,KCNK7
KRTAP19-5,0.000847659,0.261354101,0.544,0.144,1,ORS B,KRTAP19-5
BTC,0.001124311,0.678044315,0.588,0.234,1,ORS B,BTC
ALDH3B24,0.001269454,0.51695639,0.618,0.438,1,ORS B,ALDH3B2
CLIC34,0.00216005,0.681195771,0.603,0.339,1,ORS B,CLIC3
APOC11,0.002374732,0.900936849,0.412,0.471,1,ORS B,APOC1
BBOX12,0.002641193,0.691387597,0.603,0.359,1,ORS B,BBOX1
GPX31,0.002672143,0.311439896,0.574,0.195,1,ORS B,GPX3
CARD183,0.002683582,0.7533634,0.662,0.486,1,ORS B,CARD18
CA24,0.003054846,0.565261549,0.618,0.435,1,ORS B,CA2
GPN1,0.004651402,0.44836446,0.588,0.42,1,ORS B,GPN1
PLA2G163,0.005115652,0.486997608,0.574,0.261,1,ORS B,PLA2G16
MSMO12,0.007510708,0.4923225,0.618,0.413,1,ORS B,MSMO1
PDZD11,0.008332083,0.759791295,0.574,0.469,1,ORS B,PDZD11
PART11,0.008922633,0.264232091,0.559,0.237,1,ORS B,PART1
SFN6,0.00935805,0.403582019,0.838,0.839,1,ORS B,SFN
CD742,1.47E-80,4.643063423,1,0.411,2.94E-77,langerhans,CD74
HLA-DRA1,5.66E-73,4.918382925,1,0.308,1.13E-69,langerhans,HLA-DRA
HLA-DPB11,4.17E-63,4.449610763,1,0.275,8.33E-60,langerhans,HLA-DPB1
HLA-DRB12,1.63E-52,3.847274374,1,0.173,3.27E-49,langerhans,HLA-DRB1
HLA-DPA11,4.09E-51,4.249775407,1,0.288,8.17E-48,langerhans,HLA-DPA1
TMSB4X6,4.00E-48,1.242885417,1,0.978,7.99E-45,langerhans,TMSB4X
HLA-DRB51,4.12E-40,3.264336136,0.984,0.136,8.24E-37,langerhans,HLA-DRB5
CST32,6.06E-40,3.214222574,1,0.735,1.21E-36,langerhans,CST3
RGS11,1.25E-39,3.561298035,1,0.234,2.51E-36,langerhans,RGS1
HLA-DMA1,1.23E-37,2.640213404,0.984,0.28,2.45E-34,langerhans,HLA-DMA
RGS21,5.98E-34,2.707847144,1,0.458,1.20E-30,langerhans,RGS2
VIM3,7.80E-33,1.743774872,1,0.548,1.56E-29,langerhans,VIM
ARHGDIB3,2.09E-32,1.721132459,0.984,0.339,4.18E-29,langerhans,ARHGDIB
RGS102,2.21E-32,1.965338609,1,0.417,4.42E-29,langerhans,RGS10
FTL5,1.07E-31,1.732445645,1,0.927,2.14E-28,langerhans,FTL
B2M5,2.50E-30,0.909557623,1,0.964,5.00E-27,langerhans,B2M
CD831,5.15E-30,2.732601953,0.984,0.336,1.03E-26,langerhans,CD83
CYBA3,7.17E-30,1.591323424,0.984,0.709,1.43E-26,langerhans,CYBA
S100A41,4.11E-28,2.324353874,0.984,0.54,8.23E-25,langerhans,S100A4
CTSH3,3.56E-27,1.649316991,0.937,0.342,7.13E-24,langerhans,CTSH
SAT15,9.51E-25,2.478594159,0.984,0.585,1.90E-21,langerhans,SAT1
SRGN2,1.62E-24,2.668312521,0.937,0.248,3.23E-21,langerhans,SRGN
ID24,2.31E-23,1.635045397,1,0.706,4.62E-20,langerhans,ID2
HLA-B5,8.50E-23,0.922088641,1,0.887,1.70E-19,langerhans,HLA-B
FCGRT3,4.17E-22,1.151651493,0.952,0.631,8.35E-19,langerhans,FCGRT
REL2,2.74E-21,1.256373373,0.937,0.63,5.49E-18,langerhans,REL
PPT12,3.53E-21,1.138757636,0.968,0.622,7.05E-18,langerhans,PPT1
SGK13,8.88E-21,1.493466562,1,0.717,1.78E-17,langerhans,SGK1
EMP34,1.18E-20,1.194603522,0.968,0.586,2.37E-17,langerhans,EMP3
DUSP23,2.41E-19,1.510425914,0.921,0.54,4.82E-16,langerhans,DUSP2
RGCC2,2.28E-18,1.961393456,0.937,0.37,4.55E-15,langerhans,RGCC
GLRX2,3.36E-18,1.337667851,0.873,0.247,6.72E-15,langerhans,GLRX
FTH14,3.81E-18,1.252286143,1,0.977,7.62E-15,langerhans,FTH1
LITAF2,7.25E-18,1.460711599,0.952,0.67,1.45E-14,langerhans,LITAF
TMSB106,7.82E-18,1.399655049,1,0.961,1.56E-14,langerhans,TMSB10
CSRNP13,1.55E-17,0.847987095,0.937,0.649,3.11E-14,langerhans,CSRNP1
MCL13,5.33E-17,0.992036837,1,0.773,1.07E-13,langerhans,MCL1
RASGEF1B1,5.97E-17,0.967644467,0.873,0.387,1.19E-13,langerhans,RASGEF1B
C15orf481,1.66E-16,2.32514075,0.857,0.249,3.32E-13,langerhans,C15orf48
ZNF3312,3.87E-16,1.362816218,0.857,0.436,7.74E-13,langerhans,ZNF331
GSN6,5.22E-16,0.650286993,0.984,0.843,1.04E-12,langerhans,GSN
GMFG3,7.10E-16,1.026567203,0.825,0.186,1.42E-12,langerhans,GMFG
THAP21,2.10E-15,0.672632879,0.794,0.375,4.21E-12,langerhans,THAP2
NR4A24,2.80E-15,1.188915654,0.857,0.458,5.59E-12,langerhans,NR4A2
CKLF1,6.09E-15,1.29553846,0.841,0.366,1.22E-11,langerhans,CKLF
CAP12,8.21E-15,0.766989683,0.984,0.698,1.64E-11,langerhans,CAP1
INSIG12,9.36E-15,1.220260326,0.841,0.385,1.87E-11,langerhans,INSIG1
TIMP15,1.31E-14,1.177789459,0.857,0.46,2.62E-11,langerhans,TIMP1
LGALS15,2.25E-14,0.417558793,1,0.811,4.51E-11,langerhans,LGALS1
PDXK1,2.48E-14,0.674314547,0.841,0.445,4.96E-11,langerhans,PDXK
STX112,2.78E-14,0.938688637,0.841,0.328,5.56E-11,langerhans,STX11
MAP3K82,5.68E-14,0.912838057,0.81,0.472,1.14E-10,langerhans,MAP3K8
RAB322,9.51E-14,0.623962874,0.825,0.423,1.90E-10,langerhans,RAB32
KLF63,1.92E-13,0.957885628,0.968,0.824,3.83E-10,langerhans,KLF6
CD521,2.23E-12,1.259949853,0.73,0.227,4.45E-09,langerhans,CD52
PHACTR11,2.32E-12,1.299067691,0.794,0.24,4.64E-09,langerhans,PHACTR1
RNASET23,3.82E-12,1.355225874,0.873,0.489,7.64E-09,langerhans,RNASET2
BASP12,5.45E-12,0.929867782,0.825,0.419,1.09E-08,langerhans,BASP1
AAED12,1.58E-11,0.638353147,0.714,0.322,3.15E-08,langerhans,AAED1
H2AFV1,1.81E-11,0.503058842,0.905,0.617,3.62E-08,langerhans,H2AFV
JMJD1C1,4.89E-11,0.967280981,0.857,0.583,9.79E-08,langerhans,JMJD1C
TUBA1B2,5.33E-11,0.80679545,1,0.919,1.07E-07,langerhans,TUBA1B
BHLHE403,5.84E-11,0.787461932,0.841,0.473,1.17E-07,langerhans,BHLHE40
CHMP1B2,7.83E-11,1.113916802,0.905,0.706,1.57E-07,langerhans,CHMP1B
TNFAIP32,1.84E-10,0.879866571,0.857,0.522,3.68E-07,langerhans,TNFAIP3
TNFAIP81,1.96E-10,0.932523413,0.794,0.464,3.91E-07,langerhans,TNFAIP8
CCL3,2.00E-10,2.648384367,0.587,0.117,4.01E-07,langerhans,CCL3
GNAS2,2.24E-10,0.463821425,0.921,0.7,4.47E-07,langerhans,GNAS
CHMP4B3,2.78E-10,0.378394271,0.921,0.652,5.56E-07,langerhans,CHMP4B
BIRC32,2.89E-10,0.560569403,0.698,0.314,5.79E-07,langerhans,BIRC3
STK17B1,3.10E-10,1.023525619,0.698,0.254,6.20E-07,langerhans,STK17B
NEAT16,3.12E-10,0.598783402,0.921,0.762,6.24E-07,langerhans,NEAT1
SH3BGRL36,3.28E-10,0.570188235,0.984,0.874,6.56E-07,langerhans,SH3BGRL3
RAC12,3.31E-10,0.812308857,0.984,0.842,6.62E-07,langerhans,RAC1
AP1S23,3.58E-10,0.622664017,0.825,0.428,7.15E-07,langerhans,AP1S2
PDE4B1,4.31E-10,0.751723585,0.746,0.254,8.62E-07,langerhans,PDE4B
SDCBP3,5.12E-10,0.665925556,0.873,0.58,1.02E-06,langerhans,SDCBP
NDRG23,8.28E-10,0.744449686,0.841,0.63,1.66E-06,langerhans,NDRG2
PKIB1,1.65E-09,1.082012155,0.651,0.229,3.31E-06,langerhans,PKIB
PNRC14,2.49E-09,0.657307359,0.984,0.906,4.97E-06,langerhans,PNRC1
LY961,2.68E-09,0.502988251,0.587,0.254,5.36E-06,langerhans,LY96
TSC22D33,3.30E-09,0.504100576,0.746,0.383,6.61E-06,langerhans,TSC22D3
CREB53,4.14E-09,0.413565279,0.81,0.455,8.27E-06,langerhans,CREB5
MAFF4,6.15E-09,0.662779527,0.857,0.628,1.23E-05,langerhans,MAFF
UCP2,7.03E-09,0.547100604,0.635,0.22,1.41E-05,langerhans,UCP2
CD551,7.33E-09,0.435631404,0.81,0.506,1.47E-05,langerhans,CD55
CCDC88A,7.46E-09,0.686586112,0.698,0.325,1.49E-05,langerhans,CCDC88A
GDI2,8.22E-09,0.558792957,0.905,0.753,1.64E-05,langerhans,GDI2
CLEC2B4,1.14E-08,0.926811608,0.714,0.318,2.28E-05,langerhans,CLEC2B
PSMB92,1.39E-08,0.532749221,0.698,0.4,2.78E-05,langerhans,PSMB9
PPIF1,2.23E-08,0.582997777,0.73,0.499,4.46E-05,langerhans,PPIF
PLBD12,3.35E-08,0.541641845,0.698,0.343,6.71E-05,langerhans,PLBD1
CD691,4.57E-08,0.431176623,0.635,0.194,9.13E-05,langerhans,CD69
S100A64,7.68E-08,0.277916281,1,0.945,0.000153624,langerhans,S100A6
UBL31,1.01E-07,0.359480282,0.698,0.422,0.000202518,langerhans,UBL3
GADD45A2,1.76E-07,0.775951602,0.762,0.567,0.000352957,langerhans,GADD45A
XBP12,2.15E-07,0.362279049,0.825,0.607,0.000430786,langerhans,XBP1
ALDH26,3.31E-07,0.300580133,0.921,0.676,0.000662128,langerhans,ALDH2
RAB31,4.71E-07,0.719997446,0.603,0.243,0.000941207,langerhans,RAB31
OGFRL1,4.95E-07,0.334805681,0.683,0.386,0.000990447,langerhans,OGFRL1
EFHD21,7.01E-07,0.387561966,0.667,0.47,0.001401241,langerhans,EFHD2
CDC42EP33,8.94E-07,0.264100397,0.81,0.479,0.001788476,langerhans,CDC42EP3
HNMT1,1.06E-06,0.315004354,0.619,0.326,0.00211467,langerhans,HNMT
RHEB3,1.11E-06,0.321681187,0.889,0.715,0.002213646,langerhans,RHEB
PDE4DIP1,1.16E-06,0.388643221,0.619,0.257,0.002325023,langerhans,PDE4DIP
CMTM61,1.18E-06,0.429827756,0.81,0.585,0.002367779,langerhans,CMTM6
PRR131,1.19E-06,0.557132752,0.762,0.564,0.002379423,langerhans,PRR13
CKS23,1.30E-06,0.611374974,0.762,0.537,0.002592498,langerhans,CKS2
IDH23,1.30E-06,0.299410869,0.762,0.545,0.002597981,langerhans,IDH2
FGL22,1.35E-06,0.622945443,0.746,0.405,0.002707361,langerhans,FGL2
PAK1,1.39E-06,0.364943282,0.571,0.33,0.002785488,langerhans,PAK1
SPCS3,1.60E-06,0.338313323,0.683,0.402,0.003208845,langerhans,SPCS3
NAP1L13,1.74E-06,0.448083469,0.984,0.902,0.003486979,langerhans,NAP1L1
IL181,2.52E-06,0.806047614,0.667,0.409,0.005049439,langerhans,IL18
IFITM23,2.66E-06,0.307559575,0.635,0.333,0.00531956,langerhans,IFITM2
PPP1R21,2.68E-06,0.35284268,0.762,0.571,0.005353323,langerhans,PPP1R2
LACTB,3.20E-06,0.321059457,0.635,0.406,0.006407498,langerhans,LACTB
NFKBIA3,3.27E-06,0.733425862,0.984,0.95,0.006539645,langerhans,NFKBIA
NPC24,3.30E-06,0.724839529,0.937,0.863,0.006591592,langerhans,NPC2
TYMP4,3.98E-06,0.586281807,0.794,0.537,0.007958909,langerhans,TYMP
HLA-E4,4.95E-06,0.730847305,0.952,0.871,0.009893992,langerhans,HLA-E
CDC42SE11,5.41E-06,0.264971781,0.746,0.487,0.010824222,langerhans,CDC42SE1
M6PR1,5.68E-06,0.288039147,0.73,0.509,0.011353773,langerhans,M6PR
RAB11FIP1,5.69E-06,0.586854351,0.603,0.303,0.011384898,langerhans,RAB11FIP1
CDKN1A3,6.27E-06,0.373132095,0.873,0.729,0.012537843,langerhans,CDKN1A
ZBTB43,7.42E-06,0.316182664,0.698,0.452,0.014843946,langerhans,ZBTB43
BIN22,7.54E-06,0.29186858,0.54,0.172,0.015079377,langerhans,BIN2
RNF1451,7.57E-06,0.347597378,0.683,0.417,0.015141445,langerhans,RNF145
ALCAM1,9.14E-06,0.459730184,0.603,0.291,0.018288472,langerhans,ALCAM
HERPUD13,9.15E-06,0.724879977,0.873,0.774,0.018290374,langerhans,HERPUD1
C4orf482,9.22E-06,0.286422865,0.524,0.21,0.018443449,langerhans,C4orf48
GPX32,9.91E-06,0.400035876,0.476,0.196,0.019817871,langerhans,GPX3
SNAP231,1.18E-05,0.264946652,0.651,0.444,0.023627711,langerhans,SNAP23
ANXA16,1.29E-05,0.436487028,0.937,0.823,0.025733179,langerhans,ANXA1
CREM1,1.47E-05,0.809767765,0.667,0.422,0.029344456,langerhans,CREM
PLSCR11,1.91E-05,0.497521757,0.571,0.405,0.03824335,langerhans,PLSCR1
DNAJB94,2.13E-05,0.289728977,0.746,0.514,0.042535685,langerhans,DNAJB9
ZFAND52,2.28E-05,0.424600057,0.794,0.682,0.045536667,langerhans,ZFAND5
SLC38A11,2.42E-05,0.384460238,0.556,0.396,0.048429087,langerhans,SLC38A1
SLC25A33,2.52E-05,0.335610679,0.651,0.428,0.050429625,langerhans,SLC25A33
MARCKS1,2.59E-05,0.40653796,0.714,0.591,0.051815206,langerhans,MARCKS
ATP1B12,2.78E-05,0.552972738,0.778,0.621,0.055516084,langerhans,ATP1B1
PSAP1,3.62E-05,0.658223963,0.952,0.874,0.072429769,langerhans,PSAP
CCNH,3.63E-05,0.284689395,0.619,0.425,0.072625285,langerhans,CCNH
FAM49A2,3.85E-05,0.313745474,0.524,0.239,0.07702023,langerhans,FAM49A
DUSP101,4.78E-05,0.543291395,0.556,0.401,0.095578579,langerhans,DUSP10
RNF5,6.99E-05,0.256695053,0.762,0.571,0.139844769,langerhans,RNF5
CYLD1,7.69E-05,0.2623957,0.635,0.435,0.15371063,langerhans,CYLD
RAP1B1,8.02E-05,0.417800836,0.714,0.537,0.160370725,langerhans,RAP1B
ERCC11,8.34E-05,0.342662324,0.635,0.567,0.166881689,langerhans,ERCC1
MSRA2,0.000131701,0.283260775,0.603,0.375,0.263402535,langerhans,MSRA
PLA2G164,0.000141092,0.390736663,0.54,0.262,0.282183509,langerhans,PLA2G16
IL1RN3,0.000159631,0.557326709,0.603,0.424,0.319261463,langerhans,IL1RN
SERPINB62,0.000172776,0.252228746,0.492,0.318,0.345552929,langerhans,SERPINB6
ATG31,0.000233802,0.270777252,0.683,0.54,0.467604441,langerhans,ATG3
FRMD4B2,0.000261182,0.490274608,0.571,0.464,0.522363947,langerhans,FRMD4B
HPRT11,0.000329182,0.252270001,0.683,0.508,0.658363858,langerhans,HPRT1
HOTAIRM1,0.000330381,0.269089509,0.476,0.37,0.660762072,langerhans,HOTAIRM1
SNHG151,0.000375114,0.313105126,0.683,0.58,0.750228517,langerhans,SNHG15
EPCAM1,0.000477954,0.349442956,0.587,0.36,0.955908541,langerhans,EPCAM
ITM2B5,0.000551759,0.387019356,0.984,0.941,1,langerhans,ITM2B
CTSB5,0.000610115,0.495171616,0.794,0.705,1,langerhans,CTSB
SVIP,0.000645765,0.266290195,0.667,0.434,1,langerhans,SVIP
CAPZA1,0.000672188,0.258697865,0.683,0.553,1,langerhans,CAPZA1
UBE2D1,0.000741229,0.497102445,0.603,0.442,1,langerhans,UBE2D1
CXCL22,0.000829474,1.253138693,0.429,0.398,1,langerhans,CXCL2
QKI,0.001441586,0.251656291,0.556,0.371,1,langerhans,QKI
NRP24,0.001465284,0.285706567,0.492,0.313,1,langerhans,NRP2
SH3KBP12,0.001503793,0.368647023,0.413,0.192,1,langerhans,SH3KBP1
PHLDA25,0.00152184,0.433136648,0.619,0.536,1,langerhans,PHLDA2
PICALM,0.001820291,0.300311966,0.619,0.442,1,langerhans,PICALM
ARFGAP3,0.001927446,0.363552622,0.429,0.372,1,langerhans,ARFGAP3
CCDC502,0.002077682,0.291097522,0.587,0.441,1,langerhans,CCDC50
NR4A13,0.00215628,0.374857024,0.746,0.614,1,langerhans,NR4A1
CEBPD,0.002752936,0.357932012,0.603,0.48,1,langerhans,CEBPD
PLXDC21,0.002776438,0.701015198,0.524,0.444,1,langerhans,PLXDC2
USP161,0.00278258,0.259845297,0.73,0.618,1,langerhans,USP16
CLN8,0.003555753,0.299165488,0.397,0.394,1,langerhans,CLN8
ETS24,0.003577491,0.366589543,0.54,0.489,1,langerhans,ETS2
PYCARD3,0.004743341,0.345198936,0.841,0.712,1,langerhans,PYCARD
SFPQ3,0.005735813,0.251601853,0.905,0.777,1,langerhans,SFPQ
SOD22,0.005917293,0.610891872,0.698,0.703,1,langerhans,SOD2
ASAH11,0.006152265,0.481040966,0.698,0.582,1,langerhans,ASAH1
TWISTNB,0.006755838,0.283152616,0.619,0.574,1,langerhans,TWISTNB
PRRC2C,0.008128968,0.30079176,0.825,0.744,1,langerhans,PRRC2C
DUSP13,0.008994139,0.335031876,1,0.939,1,langerhans,DUSP1
HSPA54,0.009930386,0.510712197,0.873,0.853,1,langerhans,HSPA5
VIM4,8.34E-29,1.93514197,0.981,0.549,1.67E-25,mesenchymal,VIM
SPARC3,2.62E-20,1.683255011,0.943,0.523,5.24E-17,mesenchymal,SPARC
CALD13,2.11E-18,1.681391034,0.943,0.752,4.22E-15,mesenchymal,CALD1
FTL6,1.94E-17,0.800215076,0.981,0.928,3.87E-14,mesenchymal,FTL
S100A65,3.70E-17,1.002057948,1,0.945,7.39E-14,mesenchymal,S100A6
MALAT15,7.81E-16,0.565623931,1,0.988,1.56E-12,mesenchymal,MALAT1
S100A42,1.16E-13,1.861040031,0.849,0.542,2.33E-10,mesenchymal,S100A4
SPARCL11,3.61E-13,2.159770151,0.774,0.233,7.22E-10,mesenchymal,SPARCL1
DCN1,6.21E-13,3.288841565,0.792,0.33,1.24E-09,mesenchymal,DCN
LGALS16,7.56E-13,0.740728667,0.943,0.812,1.51E-09,mesenchymal,LGALS1
IFITM35,8.06E-13,1.126713388,0.925,0.71,1.61E-09,mesenchymal,IFITM3
GSN7,1.18E-11,1.666751531,0.943,0.844,2.36E-08,mesenchymal,GSN
MYL92,1.38E-11,1.857632999,0.811,0.476,2.75E-08,mesenchymal,MYL9
CYR613,3.24E-11,2.021453981,0.774,0.533,6.48E-08,mesenchymal,CYR61
TIMP16,3.46E-11,1.558808527,0.792,0.461,6.91E-08,mesenchymal,TIMP1
MAP1B3,3.69E-11,1.114672766,0.755,0.435,7.38E-08,mesenchymal,MAP1B
CPE,4.31E-11,1.731993425,0.698,0.303,8.61E-08,mesenchymal,CPE
IFITM24,8.31E-11,1.236800977,0.736,0.333,1.66E-07,mesenchymal,IFITM2
CFD,6.77E-10,3.640679411,0.736,0.364,1.35E-06,mesenchymal,CFD
MGP3,8.61E-10,2.274099754,0.755,0.344,1.72E-06,mesenchymal,MGP
TPM21,1.26E-09,1.804908934,0.698,0.308,2.53E-06,mesenchymal,TPM2
CTSK2,8.10E-09,1.612911795,0.679,0.464,1.62E-05,mesenchymal,CTSK
FTH15,8.47E-09,0.311409858,0.981,0.977,1.69E-05,mesenchymal,FTH1
CTGF4,8.53E-09,1.87230506,0.679,0.411,1.71E-05,mesenchymal,CTGF
ADIRF3,1.06E-08,1.148830911,0.811,0.516,2.12E-05,mesenchymal,ADIRF
PGRMC1,3.10E-08,1.002032599,0.755,0.62,6.20E-05,mesenchymal,PGRMC1
PMP222,5.43E-08,1.061186263,0.66,0.36,0.000108643,mesenchymal,PMP22
PSAP2,7.00E-08,0.725029702,0.906,0.874,0.000140011,mesenchymal,PSAP
CST33,8.00E-08,1.342099528,0.811,0.737,0.000160092,mesenchymal,CST3
ITGB14,1.01E-07,0.806845088,0.755,0.631,0.000201403,mesenchymal,ITGB1
TIMP32,1.42E-07,1.359550877,0.66,0.433,0.00028388,mesenchymal,TIMP3
EMP35,5.69E-07,0.588604333,0.755,0.589,0.001137029,mesenchymal,EMP3
B2M6,5.94E-07,0.379052301,1,0.964,0.001188968,mesenchymal,B2M
FCGRT4,7.39E-07,0.816204848,0.736,0.634,0.001477894,mesenchymal,FCGRT
FAM3C1,2.41E-06,0.748218317,0.604,0.525,0.004810477,mesenchymal,FAM3C
SPRY12,3.61E-06,0.934565317,0.509,0.278,0.007218228,mesenchymal,SPRY1
RAB343,3.68E-06,0.731258384,0.698,0.621,0.007369949,mesenchymal,RAB34
VCAN1,4.19E-06,1.164693514,0.491,0.196,0.008376363,mesenchymal,VCAN
RHOC2,4.23E-06,0.570975043,0.774,0.718,0.008464706,mesenchymal,RHOC
CALM22,4.62E-06,0.576146138,0.887,0.886,0.009235362,mesenchymal,CALM2
IGFBP74,5.38E-06,1.085628037,0.679,0.556,0.010756884,mesenchymal,IGFBP7
ACTA2,6.16E-06,2.913657471,0.472,0.266,0.012320115,mesenchymal,ACTA2
STOM2,8.14E-06,0.683545454,0.623,0.546,0.016275037,mesenchymal,STOM
GNG112,8.41E-06,0.539231436,0.547,0.355,0.01682323,mesenchymal,GNG11
PSIP12,9.12E-06,0.539568284,0.66,0.537,0.01823481,mesenchymal,PSIP1
CNN34,9.46E-06,0.807163451,0.717,0.628,0.018914937,mesenchymal,CNN3
MYLK2,1.41E-05,1.62336466,0.453,0.266,0.028164383,mesenchymal,MYLK
PTN4,1.42E-05,0.903061944,0.604,0.475,0.028333353,mesenchymal,PTN
ASPH1,1.51E-05,0.560212931,0.604,0.511,0.030296463,mesenchymal,ASPH
APOD1,1.78E-05,2.600091802,0.509,0.254,0.035653939,mesenchymal,APOD
SDC23,1.84E-05,0.864762682,0.585,0.456,0.036791883,mesenchymal,SDC2
MDK3,2.95E-05,0.751039917,0.585,0.445,0.05901559,mesenchymal,MDK
TPM16,3.18E-05,0.910663515,0.679,0.631,0.063698417,mesenchymal,TPM1
SEPT112,4.15E-05,0.607918053,0.491,0.408,0.082990784,mesenchymal,11-Sep
SH3KBP13,4.18E-05,0.54130828,0.434,0.192,0.08368382,mesenchymal,SH3KBP1
APP5,4.28E-05,0.520031338,0.774,0.756,0.085594908,mesenchymal,APP
PPP1R12A1,4.50E-05,0.858413004,0.623,0.617,0.089979025,mesenchymal,PPP1R12A
LRPAP11,4.65E-05,0.521400275,0.698,0.683,0.092973319,mesenchymal,LRPAP1
VAMP52,4.68E-05,0.563689754,0.491,0.311,0.093524176,mesenchymal,VAMP5
CHD9,5.80E-05,0.717075014,0.66,0.628,0.116043751,mesenchymal,CHD9
POSTN1,6.48E-05,0.976436789,0.396,0.214,0.12961429,mesenchymal,POSTN
PIGT1,7.03E-05,0.760772926,0.604,0.593,0.140581478,mesenchymal,PIGT
CTSL1,9.45E-05,0.500605608,0.491,0.418,0.189073994,mesenchymal,CTSL
MAFB3,0.000109169,0.924431777,0.679,0.667,0.218338185,mesenchymal,MAFB
FGF7,0.00010929,0.842032486,0.358,0.2,0.218580887,mesenchymal,FGF7
SEC624,0.000113725,0.423776787,0.755,0.719,0.227449041,mesenchymal,SEC62
IFI62,0.000125159,0.464515864,0.415,0.245,0.250317846,mesenchymal,IFI6
CXCL122,0.00016997,1.84459344,0.434,0.278,0.339940181,mesenchymal,CXCL12
APLP24,0.000182027,0.404598702,0.698,0.649,0.364053641,mesenchymal,APLP2
TGOLN22,0.00018272,0.452365323,0.491,0.413,0.365439089,mesenchymal,TGOLN2
LRP10,0.000251862,0.553517764,0.642,0.621,0.503724046,mesenchymal,LRP10
TSC22D34,0.00025687,0.592990748,0.472,0.387,0.513740894,mesenchymal,TSC22D3
LMAN1,0.000299588,0.481689278,0.623,0.597,0.599175238,mesenchymal,LMAN1
CD811,0.000433817,0.676927311,0.491,0.47,0.867633968,mesenchymal,CD81
CLU3,0.000475243,0.607895992,0.453,0.311,0.950486825,mesenchymal,CLU
ADD3,0.000598448,0.589325609,0.434,0.36,1,mesenchymal,ADD3
MAP1LC3A,0.000609433,0.520271295,0.434,0.41,1,mesenchymal,MAP1LC3A
BMP41,0.000719971,0.608964832,0.34,0.247,1,mesenchymal,BMP4
MGLL1,0.000851704,0.534839134,0.415,0.3,1,mesenchymal,MGLL
SDCBP4,0.000921842,0.264715301,0.604,0.583,1,mesenchymal,SDCBP
ALDH9A1,0.000948003,0.428459977,0.585,0.563,1,mesenchymal,ALDH9A1
CD552,0.001152531,0.574262076,0.509,0.509,1,mesenchymal,CD55
SPTBN12,0.001200834,0.574523913,0.472,0.498,1,mesenchymal,SPTBN1
GOLIM42,0.001267125,0.47259733,0.528,0.505,1,mesenchymal,GOLIM4
C2orf401,0.001375883,0.980451708,0.34,0.345,1,mesenchymal,C2orf40
SOCS35,0.001430371,0.467925675,0.736,0.728,1,mesenchymal,SOCS3
NFIC3,0.001519615,0.572178606,0.66,0.714,1,mesenchymal,NFIC
N4BP2L22,0.001577689,0.591613301,0.623,0.694,1,mesenchymal,N4BP2L2
RAP1B2,0.001605258,0.442942864,0.528,0.539,1,mesenchymal,RAP1B
SMARCA5,0.001607965,0.469052279,0.491,0.504,1,mesenchymal,SMARCA5
R3HCC1,0.00181149,0.473083813,0.396,0.419,1,mesenchymal,R3HCC1
ST3GAL41,0.001830417,0.387250921,0.415,0.353,1,mesenchymal,ST3GAL4
SMARCA1,0.001879567,0.356715524,0.358,0.328,1,mesenchymal,SMARCA1
H1F02,0.001900196,0.464579657,0.566,0.541,1,mesenchymal,H1F0
MT1E3,0.001974847,0.437994366,0.491,0.408,1,mesenchymal,MT1E
TCEAL32,0.002171359,0.451365715,0.453,0.454,1,mesenchymal,TCEAL3
HTRA11,0.002435667,0.462068504,0.358,0.256,1,mesenchymal,HTRA1
LUC7L3,0.002609673,0.669117855,0.547,0.603,1,mesenchymal,LUC7L3
IFI272,0.002771346,0.322134632,0.377,0.213,1,mesenchymal,IFI27
HERPUD14,0.002784431,0.323993317,0.774,0.775,1,mesenchymal,HERPUD1
RSRC1,0.003570597,0.502962336,0.434,0.429,1,mesenchymal,RSRC1
PDK42,0.003931536,0.364882099,0.358,0.323,1,mesenchymal,PDK4
PALLD4,0.004935647,0.561063869,0.585,0.656,1,mesenchymal,PALLD
TMEM982,0.004996308,0.495478378,0.491,0.493,1,mesenchymal,TMEM98
CTHRC11,0.005073982,0.682718091,0.264,0.223,1,mesenchymal,CTHRC1
HMGB11,0.005102461,0.343678941,0.943,0.918,1,mesenchymal,HMGB1
RAB311,0.005170209,0.625033493,0.302,0.247,1,mesenchymal,RAB31
CCL25,0.005593355,1.220567961,0.434,0.448,1,mesenchymal,CCL2
FAM228B,0.005866019,0.390311245,0.34,0.286,1,mesenchymal,FAM228B
VKORC13,0.006075114,0.412053485,0.585,0.619,1,mesenchymal,VKORC1
TMSB107,0.006468202,0.525707799,0.943,0.962,1,mesenchymal,TMSB10
MT1F1,0.007005933,0.333873141,0.321,0.224,1,mesenchymal,MT1F
PLEKHA41,0.007195366,0.322278834,0.358,0.332,1,mesenchymal,PLEKHA4
PLSCR12,0.007900243,0.269016802,0.396,0.407,1,mesenchymal,PLSCR1
FBXO322,0.007940782,0.47976698,0.453,0.497,1,mesenchymal,FBXO32
CYBA4,0.008285056,0.403715885,0.642,0.713,1,mesenchymal,CYBA
TUBB1,0.008815884,0.410699887,0.774,0.84,1,mesenchymal,TUBB
CENPW1,0.009341366,1.337174717,0.264,0.334,1,mesenchymal,CENPW
EIF2AK21,0.00989946,0.455066761,0.396,0.412,1,mesenchymal,EIF2AK2
PIP,2.95E-27,5.211858007,1,0.295,5.90E-24,sebaceous/apocrine,PIP
AZGP1,2.97E-26,3.292325035,1,0.136,5.94E-23,sebaceous/apocrine,AZGP1
DCD,1.87E-25,7.234475757,1,0.534,3.75E-22,sebaceous/apocrine,DCD
SCGB2A2,1.37E-24,5.868644625,1,0.376,2.75E-21,sebaceous/apocrine,SCGB2A2
SCGB1B2P,5.08E-23,4.958105638,1,0.283,1.02E-19,sebaceous/apocrine,SCGB1B2P
SCGB1D2,2.74E-21,5.041412266,0.97,0.312,5.48E-18,sebaceous/apocrine,SCGB1D2
KRT192,1.94E-17,2.235481539,1,0.277,3.88E-14,sebaceous/apocrine,KRT19
KRT18,3.18E-17,1.72259093,1,0.341,6.37E-14,sebaceous/apocrine,KRT18
MUCL1,3.82E-17,6.218125625,1,0.42,7.63E-14,sebaceous/apocrine,MUCL1
MAFF5,1.25E-16,0.470564313,1,0.628,2.50E-13,sebaceous/apocrine,MAFF
TSPAN8,2.51E-15,2.022004676,0.939,0.215,5.01E-12,sebaceous/apocrine,TSPAN8
KRT7,4.96E-13,2.218564044,1,0.173,9.92E-10,sebaceous/apocrine,KRT7
XBP13,1.59E-12,1.643183958,1,0.608,3.19E-09,sebaceous/apocrine,XBP1
AGR21,8.60E-12,0.708986645,0.909,0.213,1.72E-08,sebaceous/apocrine,AGR2
SAT16,1.88E-11,0.348196766,1,0.587,3.76E-08,sebaceous/apocrine,SAT1
ALOX15B1,7.78E-11,1.132072043,1,0.195,1.56E-07,sebaceous/apocrine,ALOX15B
DCXR2,8.54E-11,0.99513711,1,0.586,1.71E-07,sebaceous/apocrine,DCXR
STARD102,3.90E-10,0.860537182,1,0.357,7.80E-07,sebaceous/apocrine,STARD10
CXCL23,1.01E-09,1.225170599,1,0.394,2.01E-06,sebaceous/apocrine,CXCL2
CLDN43,1.98E-09,0.914194176,0.939,0.329,3.95E-06,sebaceous/apocrine,CLDN4
TSC22D15,2.79E-09,0.615824898,1,0.73,5.58E-06,sebaceous/apocrine,TSC22D1
DBI5,5.00E-09,0.752714049,1,0.797,1.00E-05,sebaceous/apocrine,DBI
EPCAM2,1.07E-08,0.849877939,1,0.359,2.13E-05,sebaceous/apocrine,EPCAM
KRT84,4.71E-08,0.738128455,0.97,0.452,9.42E-05,sebaceous/apocrine,KRT8
ZG16B2,6.14E-08,0.271457474,0.939,0.387,0.000122733,sebaceous/apocrine,ZG16B
SLC12A22,7.65E-08,0.840204376,0.909,0.372,0.000153096,sebaceous/apocrine,SLC12A2
CPE1,7.69E-08,0.843122198,0.909,0.304,0.000153718,sebaceous/apocrine,CPE
SCD2,1.06E-07,0.421109943,0.939,0.295,0.000212317,sebaceous/apocrine,SCD
CD1642,1.27E-07,0.572115076,1,0.714,0.000253079,sebaceous/apocrine,CD164
HMGCS2,4.39E-07,0.942202384,0.909,0.273,0.000877519,sebaceous/apocrine,HMGCS2
NR4A25,5.30E-07,0.529382577,1,0.459,0.001059291,sebaceous/apocrine,NR4A2
NUDT82,7.39E-07,0.263312142,0.97,0.412,0.001478795,sebaceous/apocrine,NUDT8
ZC3H12A3,1.35E-06,0.3778114,0.97,0.617,0.002706996,sebaceous/apocrine,ZC3H12A
NUCB24,1.60E-06,0.69610616,0.909,0.531,0.003196939,sebaceous/apocrine,NUCB2
CXCL3,4.94E-06,0.649804068,0.909,0.302,0.009877936,sebaceous/apocrine,CXCL3
GOLM11,5.00E-06,0.29198936,0.879,0.285,0.009991749,sebaceous/apocrine,GOLM1
IQGAP21,5.20E-06,0.557688486,0.727,0.184,0.010396895,sebaceous/apocrine,IQGAP2
IDH24,5.82E-06,0.433443557,0.97,0.545,0.011647928,sebaceous/apocrine,IDH2
SEC11C1,6.09E-06,0.682777776,0.879,0.518,0.01218473,sebaceous/apocrine,SEC11C
SLC39A82,6.50E-06,0.394982358,0.939,0.312,0.012994676,sebaceous/apocrine,SLC39A8
NEAT17,1.28E-05,0.425314784,1,0.763,0.025593198,sebaceous/apocrine,NEAT1
ANKRD372,1.60E-05,0.484820239,0.97,0.461,0.03191356,sebaceous/apocrine,ANKRD37
DNAJB95,2.49E-05,0.339317283,0.879,0.514,0.049769064,sebaceous/apocrine,DNAJB9
TFAP2B1,2.76E-05,0.254414687,0.879,0.391,0.055298918,sebaceous/apocrine,TFAP2B
NR4A14,6.03E-05,0.283806115,0.97,0.613,0.120668215,sebaceous/apocrine,NR4A1
FAM129A1,6.07E-05,0.449650914,0.697,0.255,0.121424324,sebaceous/apocrine,FAM129A
CBR32,9.60E-05,0.502515064,0.939,0.512,0.19195713,sebaceous/apocrine,CBR3
SREBF11,0.000118784,0.529147102,0.818,0.387,0.237567297,sebaceous/apocrine,SREBF1
CREB3L4,0.000149061,0.537149848,0.636,0.332,0.29812219,sebaceous/apocrine,CREB3L4
SMIM14,0.000153997,0.624226599,0.939,0.421,0.307993579,sebaceous/apocrine,SMIM14
HERPUD15,0.000174984,0.344562202,0.939,0.774,0.349968462,sebaceous/apocrine,HERPUD1
EDN12,0.00017972,0.380557291,0.848,0.365,0.359440935,sebaceous/apocrine,EDN1
P4HB1,0.000188524,0.260228824,1,0.841,0.377048336,sebaceous/apocrine,P4HB
NEDD4L1,0.000216657,0.313072088,0.848,0.32,0.43331348,sebaceous/apocrine,NEDD4L
ANXA32,0.000254951,0.590477023,0.697,0.39,0.509901069,sebaceous/apocrine,ANXA3
RAB3IP,0.000322237,0.527752624,0.818,0.324,0.644474661,sebaceous/apocrine,RAB3IP
NOSTRIN1,0.00043793,0.514039177,0.697,0.138,0.875859336,sebaceous/apocrine,NOSTRIN
C5orf462,0.000460181,0.697187449,0.606,0.326,0.920361806,sebaceous/apocrine,C5orf46
CMTM82,0.000499563,0.333965368,0.879,0.372,0.999125763,sebaceous/apocrine,CMTM8
PDK43,0.000568409,0.360476301,0.636,0.321,1,sebaceous/apocrine,PDK4
IRF14,0.000664779,0.309715967,0.97,0.729,1,sebaceous/apocrine,IRF1
ATP1B13,0.000721466,0.313342694,0.848,0.622,1,sebaceous/apocrine,ATP1B1
ISG201,0.000836928,0.395098313,0.818,0.276,1,sebaceous/apocrine,ISG20
FKBP5,0.000907797,0.276507831,0.848,0.25,1,sebaceous/apocrine,FKBP5
SERPINB63,0.001939903,0.293793395,0.848,0.317,1,sebaceous/apocrine,SERPINB6
SOX45,0.002246706,0.282109436,0.97,0.581,1,sebaceous/apocrine,SOX4
BIK,0.002762535,0.34707393,0.818,0.291,1,sebaceous/apocrine,BIK
AARD,0.003555115,0.309061665,0.788,0.198,1,sebaceous/apocrine,AARD
ALCAM2,0.004054826,0.460549166,0.576,0.293,1,sebaceous/apocrine,ALCAM
PDLIM31,0.004651083,0.33145543,0.697,0.298,1,sebaceous/apocrine,PDLIM3
DNAJC11,0.005981452,0.271395162,0.879,0.481,1,sebaceous/apocrine,DNAJC1
MUC151,0.008485816,0.298337671,0.818,0.311,1,sebaceous/apocrine,MUC15
S100A24,5.98E-18,0.881327254,1,0.913,1.20E-14,ORS CL,S100A2
KRT75,5.32E-17,4.915040693,1,0.311,1.06E-13,ORS CL,KRT75
TM4SF14,2.69E-11,2.347799146,1,0.638,5.37E-08,ORS CL,TM4SF1
ANXA23,3.18E-11,1.107759701,1,0.952,6.36E-08,ORS CL,ANXA2
CAPNS23,9.84E-11,1.627475165,1,0.743,1.97E-07,ORS CL,CAPNS2
SLC39A62,1.20E-10,2.171571898,1,0.565,2.39E-07,ORS CL,SLC39A6
GJB25,3.13E-10,1.776699443,1,0.65,6.25E-07,ORS CL,GJB2
UCHL33,3.76E-09,1.803564364,1,0.527,7.52E-06,ORS CL,UCHL3
S100A116,1.44E-08,1.094364851,1,0.9,2.89E-05,ORS CL,S100A11
KRT174,2.33E-08,1.02371538,0.909,0.309,4.66E-05,ORS CL,KRT17
TACSTD27,3.81E-08,1.10939559,1,0.789,7.63E-05,ORS CL,TACSTD2
HSPB14,8.50E-08,0.813907631,1,0.975,0.000169958,ORS CL,HSPB1
CKB3,1.15E-07,1.445204025,0.909,0.497,0.000230197,ORS CL,CKB
BBOX13,2.31E-07,1.260423166,0.864,0.361,0.00046224,ORS CL,BBOX1
DSG15,2.38E-07,1.390387125,0.955,0.432,0.000476952,ORS CL,DSG1
GJA15,2.83E-07,1.013383618,0.955,0.754,0.000566529,ORS CL,GJA1
RTCB2,3.54E-07,0.905455585,0.909,0.616,0.000708089,ORS CL,RTCB
MGST14,5.78E-07,1.186626988,0.955,0.552,0.001155347,ORS CL,MGST1
S100A167,6.33E-07,1.075195389,0.955,0.858,0.001265229,ORS CL,S100A16
FABP58,1.02E-06,0.599521161,1,0.843,0.002047265,ORS CL,FABP5
TMEM45A6,1.47E-06,0.850848809,0.955,0.637,0.002947431,ORS CL,TMEM45A
DBI6,1.49E-06,0.622734223,0.955,0.798,0.002989814,ORS CL,DBI
CTNNBIP13,2.26E-06,1.013052175,0.909,0.639,0.004524492,ORS CL,CTNNBIP1
ACAA24,2.53E-06,1.113116723,0.955,0.53,0.005067104,ORS CL,ACAA2
NDUFA4L23,2.68E-06,0.759818184,0.909,0.575,0.005360377,ORS CL,NDUFA4L2
GPR872,2.86E-06,1.116246167,0.864,0.478,0.005721573,ORS CL,GPR87
BSPRY,5.04E-06,0.650923238,0.818,0.214,0.010074614,ORS CL,BSPRY
TUBB2,5.35E-06,0.909864483,0.955,0.839,0.010691184,ORS CL,TUBB
CYB5A4,5.77E-06,0.883657438,0.955,0.637,0.011542572,ORS CL,CYB5A
PDCD45,5.90E-06,0.833759309,0.909,0.604,0.01179046,ORS CL,PDCD4
MAPKAPK31,6.00E-06,0.945937368,0.773,0.411,0.011998051,ORS CL,MAPKAPK3
LGALS76,6.04E-06,0.685718188,0.955,0.733,0.012081923,ORS CL,LGALS7
ATOX14,8.32E-06,1.022616526,0.864,0.601,0.016640931,ORS CL,ATOX1
TUBB63,8.91E-06,0.797660794,0.864,0.596,0.017816331,ORS CL,TUBB6
IDI1,1.02E-05,2.196046944,0.955,0.597,0.020367063,ORS CL,IDI1
ACOT72,1.15E-05,0.750255104,0.818,0.433,0.022953656,ORS CL,ACOT7
CLIC35,1.53E-05,0.779235503,0.773,0.34,0.030614292,ORS CL,CLIC3
GJB65,1.62E-05,0.827733736,0.955,0.683,0.032443021,ORS CL,GJB6
MLLT11,1.64E-05,0.624705058,0.864,0.329,0.032752764,ORS CL,MLLT11
IVL4,1.66E-05,2.15037717,0.864,0.302,0.033187372,ORS CL,IVL
CALML36,1.79E-05,0.488788925,0.955,0.821,0.035828042,ORS CL,CALML3
TPM17,1.86E-05,0.836459767,0.909,0.63,0.037200951,ORS CL,TPM1
CUX11,1.91E-05,0.710356391,0.727,0.303,0.038207168,ORS CL,CUX1
APOE5,2.03E-05,1.014642013,0.955,0.893,0.040551207,ORS CL,APOE
NSG13,2.05E-05,0.898410556,0.909,0.541,0.041009495,ORS CL,NSG1
ALAD1,2.49E-05,0.637259015,0.864,0.404,0.049701585,ORS CL,ALAD
MARCKSL16,2.91E-05,0.475124241,0.909,0.692,0.058214583,ORS CL,MARCKSL1
NAGK4,3.37E-05,1.062477185,0.864,0.538,0.067493945,ORS CL,NAGK
TM7SF21,3.76E-05,0.56739488,0.773,0.337,0.075211291,ORS CL,TM7SF2
S100A147,4.05E-05,0.660143603,0.955,0.894,0.081025522,ORS CL,S100A14
PDLIM7,4.09E-05,0.595919216,0.773,0.414,0.081710282,ORS CL,PDLIM7
SEPT113,4.15E-05,0.563511094,0.818,0.408,0.083059933,ORS CL,11-Sep
C4orf33,5.02E-05,1.25683022,0.909,0.83,0.100361008,ORS CL,C4orf3
CAP13,5.03E-05,1.003300182,0.955,0.7,0.100638392,ORS CL,CAP1
KRT181,5.79E-05,1.717329737,0.727,0.343,0.115858642,ORS CL,KRT18
SLC31A11,6.28E-05,0.905213129,0.773,0.334,0.125508249,ORS CL,SLC31A1
CRABP25,6.57E-05,0.554376694,0.864,0.553,0.131367916,ORS CL,CRABP2
HEBP25,7.92E-05,0.424992192,0.909,0.689,0.158486527,ORS CL,HEBP2
NUDT83,8.95E-05,0.400542058,0.773,0.414,0.179036263,ORS CL,NUDT8
CALD14,9.08E-05,0.756781012,0.864,0.753,0.181601026,ORS CL,CALD1
CDC42SE12,9.59E-05,1.071012963,0.864,0.488,0.19187564,ORS CL,CDC42SE1
RDH123,0.000111791,0.585066975,0.773,0.349,0.223581335,ORS CL,RDH12
RHEB4,0.000114359,0.704692917,0.955,0.716,0.228717123,ORS CL,RHEB
TNFRSF12A4,0.000125622,0.620071652,0.864,0.607,0.251243869,ORS CL,TNFRSF12A
PPFIA1,0.000138436,0.7397391,0.727,0.385,0.276872835,ORS CL,PPFIA1
SVIP1,0.000151452,1.024084187,0.864,0.435,0.302904381,ORS CL,SVIP
RHOV6,0.000164347,0.573656181,0.864,0.558,0.32869334,ORS CL,RHOV
ANXA17,0.000172945,1.161779228,1,0.824,0.345889497,ORS CL,ANXA1
FAM210B,0.000175013,0.506250657,0.773,0.567,0.350026588,ORS CL,FAM210B
CSTB3,0.000176374,0.290456867,1,0.871,0.352748552,ORS CL,CSTB
PHLDA26,0.000193791,0.846897708,0.909,0.535,0.387582164,ORS CL,PHLDA2
TUBA1A4,0.000229735,1.035507466,0.909,0.85,0.459469667,ORS CL,TUBA1A
SLC38A12,0.000261695,0.807436829,0.682,0.396,0.523389603,ORS CL,SLC38A1
CNN35,0.000264035,0.820277915,0.818,0.628,0.52807034,ORS CL,CNN3
SLC39A103,0.000269517,1.162597196,0.727,0.348,0.539034471,ORS CL,SLC39A10
HOPX5,0.000285457,1.501238647,0.909,0.591,0.570913148,ORS CL,HOPX
CD2BP2,0.000297593,0.36129297,0.818,0.555,0.595186631,ORS CL,CD2BP2
KCNK76,0.000299502,0.543308852,0.818,0.492,0.599004198,ORS CL,KCNK7
DUSP62,0.000300563,0.669828453,0.818,0.431,0.601126095,ORS CL,DUSP6
TUBB2A2,0.000330348,0.854551787,0.864,0.825,0.660696567,ORS CL,TUBB2A
LYPLA2,0.000336269,0.655943158,0.818,0.503,0.672537331,ORS CL,LYPLA2
SULT2B13,0.000350474,0.718465939,0.773,0.294,0.700947962,ORS CL,SULT2B1
ERCC12,0.000360243,0.590703056,0.864,0.566,0.720485413,ORS CL,ERCC1
H2AFZ3,0.000361301,0.704547981,0.909,0.81,0.722601269,ORS CL,H2AFZ
RNH13,0.000369428,0.486474752,0.955,0.821,0.738855705,ORS CL,RNH1
IFI27L21,0.00039843,0.48823438,0.909,0.614,0.796860201,ORS CL,IFI27L2
ADTRP1,0.000416105,0.333144826,0.773,0.369,0.832210296,ORS CL,ADTRP
TMSB108,0.000425094,0.729460346,0.955,0.962,0.850188802,ORS CL,TMSB10
MANF,0.000479411,0.611522105,0.818,0.572,0.958821601,ORS CL,MANF
CARD162,0.000510736,0.602023903,0.727,0.364,1,ORS CL,CARD16
TJP21,0.000553505,0.333535534,0.682,0.328,1,ORS CL,TJP2
GPX33,0.000597134,0.521627536,0.727,0.197,1,ORS CL,GPX3
DNASE1L22,0.000669363,0.475562823,0.727,0.223,1,ORS CL,DNASE1L2
CREM2,0.000670082,0.76889893,0.727,0.423,1,ORS CL,CREM
PXMP21,0.000699592,0.392634297,0.773,0.452,1,ORS CL,PXMP2
ANXA33,0.00072751,0.924223239,0.773,0.39,1,ORS CL,ANXA3
SQLE3,0.000777847,0.590963059,0.727,0.46,1,ORS CL,SQLE
MTCH22,0.000792466,0.660843859,0.864,0.618,1,ORS CL,MTCH2
TMEM403,0.000830212,0.673069487,0.727,0.353,1,ORS CL,TMEM40
ELOVL62,0.00083485,0.450307371,0.682,0.339,1,ORS CL,ELOVL6
SMS2,0.000862625,0.57331597,0.727,0.465,1,ORS CL,SMS
STK17A4,0.000867967,0.799032758,0.818,0.536,1,ORS CL,STK17A
HES42,0.000869687,0.337218833,0.727,0.333,1,ORS CL,HES4
CHMP4B4,0.000940608,0.331960955,0.864,0.654,1,ORS CL,CHMP4B
MCUR11,0.000946285,0.281969515,0.773,0.532,1,ORS CL,MCUR1
LYPD35,0.000990577,0.25712037,0.909,0.641,1,ORS CL,LYPD3
CREB54,0.001020445,0.401229384,0.727,0.458,1,ORS CL,CREB5
LGALS7B6,0.001044368,0.51784878,0.909,0.793,1,ORS CL,LGALS7B
RAB256,0.001125644,0.299093675,0.864,0.642,1,ORS CL,RAB25
PBDC1,0.001209862,0.430350979,0.818,0.563,1,ORS CL,PBDC1
UBE2E11,0.001262498,0.512577516,0.864,0.567,1,ORS CL,UBE2E1
EMB1,0.001417983,1.293680816,0.682,0.222,1,ORS CL,EMB
FDFT12,0.001457671,1.075157731,0.773,0.612,1,ORS CL,FDFT1
ACAT22,0.001490419,0.512006864,0.773,0.487,1,ORS CL,ACAT2
XG,0.001559886,0.379984425,0.682,0.338,1,ORS CL,XG
MYL93,0.001613017,1.00526223,0.773,0.478,1,ORS CL,MYL9
PDLIM32,0.001637874,0.713584121,0.636,0.299,1,ORS CL,PDLIM3
BPIFC,0.001647398,1.121090959,0.591,0.131,1,ORS CL,BPIFC
CTNNB13,0.001660721,0.93311121,0.818,0.646,1,ORS CL,CTNNB1
MVD2,0.001668442,0.483419701,0.773,0.45,1,ORS CL,MVD
FAM207A1,0.001694896,0.559619671,0.727,0.448,1,ORS CL,FAM207A
MAPRE31,0.001729382,0.290235804,0.636,0.368,1,ORS CL,MAPRE3
ELP2,0.001730915,0.92650734,0.773,0.426,1,ORS CL,ELP2
TUBA4A8,0.002144121,0.669291148,0.818,0.657,1,ORS CL,TUBA4A
SMAGP3,0.002156531,0.390176267,0.727,0.427,1,ORS CL,SMAGP
YBX35,0.002307076,0.350120621,0.909,0.791,1,ORS CL,YBX3
COMMD10,0.002335103,0.281165283,0.682,0.353,1,ORS CL,COMMD10
FKBP32,0.002372821,0.666645304,0.818,0.673,1,ORS CL,FKBP3
SLC30A12,0.002494492,1.143736462,0.818,0.329,1,ORS CL,SLC30A1
CWH432,0.002676823,0.9647159,0.727,0.313,1,ORS CL,CWH43
CTSD3,0.002885423,0.444170893,0.864,0.808,1,ORS CL,CTSD
FAM45A1,0.002887223,0.349818578,0.727,0.469,1,ORS CL,FAM45A
PDZD111,0.003134968,0.414446239,0.727,0.469,1,ORS CL,PDZD11
PKIB2,0.003329077,1.300562468,0.682,0.232,1,ORS CL,PKIB
DSC12,0.003412401,0.575001089,0.636,0.34,1,ORS CL,DSC1
RAB18,0.003483336,0.49962104,0.818,0.667,1,ORS CL,RAB18
COMMD5,0.003510559,0.769660088,0.727,0.407,1,ORS CL,COMMD5
TCEAL8,0.003588024,0.524000354,0.818,0.623,1,ORS CL,TCEAL8
CLDN101,0.00373273,0.301391463,0.591,0.189,1,ORS CL,CLDN10
PPP4C2,0.003749196,0.609156184,0.818,0.66,1,ORS CL,PPP4C
S100A66,0.003953849,0.817757817,0.955,0.946,1,ORS CL,S100A6
SFN7,0.00397651,0.670284789,0.909,0.839,1,ORS CL,SFN
RAB323,0.00401329,0.561415259,0.773,0.426,1,ORS CL,RAB32
PKP15,0.004195331,0.260051481,0.818,0.625,1,ORS CL,PKP1
ACADVL2,0.004362407,0.42053882,0.864,0.779,1,ORS CL,ACADVL
EDN13,0.004678148,0.762705663,0.682,0.367,1,ORS CL,EDN1
GSN8,0.004970388,0.494754125,0.909,0.845,1,ORS CL,GSN
IAH12,0.005307206,0.365536586,0.773,0.588,1,ORS CL,IAH1
ID34,0.005462229,0.340404707,0.818,0.651,1,ORS CL,ID3
ATP5F11,0.005710518,0.571783702,0.909,0.832,1,ORS CL,ATP5F1
C9orf164,0.005968961,0.384370015,0.864,0.799,1,ORS CL,C9orf16
TXNDC172,0.00596996,0.451198809,0.909,0.733,1,ORS CL,TXNDC17
PGAM12,0.006299323,0.48453422,0.864,0.72,1,ORS CL,PGAM1
SHOC2,0.006300477,0.628884028,0.636,0.408,1,ORS CL,SHOC2
FBXO71,0.006400899,0.267077383,0.773,0.553,1,ORS CL,FBXO7
ACTN12,0.006630147,0.686959265,0.864,0.696,1,ORS CL,ACTN1
LAD14,0.006761456,0.409295829,0.773,0.556,1,ORS CL,LAD1
ZNF7504,0.006891777,0.371091223,0.727,0.399,1,ORS CL,ZNF750
ALDH3B25,0.00697378,0.396866486,0.727,0.439,1,ORS CL,ALDH3B2
HOMER2,0.007026568,0.281102531,0.5,0.268,1,ORS CL,HOMER2
MSMO13,0.007124385,0.593824576,0.682,0.414,1,ORS CL,MSMO1
GRHL11,0.007372539,0.460245145,0.636,0.388,1,ORS CL,GRHL1
CMAS1,0.007445577,0.302418611,0.682,0.439,1,ORS CL,CMAS
ETFA2,0.007460324,0.909276628,0.818,0.575,1,ORS CL,ETFA
YWHAQ3,0.007875443,0.433187784,0.909,0.884,1,ORS CL,YWHAQ
LOXL11,0.008363801,0.31806124,0.636,0.361,1,ORS CL,LOXL1
TUBA1B3,0.008949384,0.356891346,0.955,0.92,1,ORS CL,TUBA1B
ORMDL2,0.009415489,0.628046889,0.727,0.536,1,ORS CL,ORMDL2
CSNK2B,0.009713592,0.415824723,0.864,0.728,1,ORS CL,CSNK2B
RPL22L14,0.009912762,0.361234055,0.864,0.787,1,ORS CL,RPL22L1
